--------------------------------------------------------
--  File created - Friday-March-01-2019   
--------------------------------------------------------
DROP TABLE "WEST"."WEST_ALLEGATO" cascade constraints;
DROP TABLE "WEST"."WEST_AZIONE_CORRETTIVA" cascade constraints;
DROP TABLE "WEST"."WEST_BENEFICIO_CONSEGUIBILE" cascade constraints;
DROP TABLE "WEST"."WEST_CONTROLLO_OPERATIVI" cascade constraints;
DROP TABLE "WEST"."WEST_ESITO_CONTROLLO" cascade constraints;
DROP TABLE "WEST"."WEST_ESTERNALIZZAZIONE" cascade constraints;
DROP TABLE "WEST"."WEST_FASE_ESTERNALIZZAZIONE" cascade constraints;
DROP TABLE "WEST"."WEST_PERIODICITA" cascade constraints;
DROP TABLE "WEST"."WEST_PIANO_REINTERNALIZZAZIONE" cascade constraints;
DROP TABLE "WEST"."WEST_REMIND" cascade constraints;
DROP TABLE "WEST"."WEST_RISCHIOSITA_EST" cascade constraints;
DROP TABLE "WEST"."WEST_RISCHI_BC" cascade constraints;
DROP TABLE "WEST"."WEST_STATO" cascade constraints;
DROP TABLE "WEST"."WEST_TASK" cascade constraints;
DROP TABLE "WEST"."WEST_TIPO_CONTROLLO" cascade constraints;
DROP TABLE "WEST"."WEST_TIPO_ESTERNALIZZAZIONE" cascade constraints;
DROP TABLE "WEST"."WEST_TIPO_FASE" cascade constraints;
DROP TABLE "WEST"."WEST_TIPO_FUNZIONE" cascade constraints;
DROP TABLE "WEST"."WEST_TIPO_TASK" cascade constraints;
DROP TABLE "WEST"."WEST_TIPO_UTENTE" cascade constraints;
DROP TABLE "WEST"."WEST_VERIFICA_CONFL_INT" cascade constraints;
DROP SEQUENCE "WEST"."SEQ_ALLEGATO";
DROP SEQUENCE "WEST"."SEQ_CONTROLLO_OPERATIVI";
DROP SEQUENCE "WEST"."SEQ_ESTERNALIZZAZIONE";
DROP SEQUENCE "WEST"."SEQ_GENERA_ID";
DROP SEQUENCE "WEST"."SEQ_GENERA_PROG_LAV";
DROP SEQUENCE "WEST"."SEQ_REMIND";
DROP SEQUENCE "WEST"."SEQ_TASK";
DROP SEQUENCE "WEST"."SEQ_CONTROLLO";
--------------------------------------------------------
--  DDL for Sequence SEQ_ALLEGATO
--------------------------------------------------------

   CREATE SEQUENCE  "WEST"."SEQ_ALLEGATO"  MINVALUE 1 MAXVALUE 9999999999999999999999999999 INCREMENT BY 1 START WITH 1 NOCACHE  ORDER  NOCYCLE  NOPARTITION ;
--------------------------------------------------------
--  DDL for Sequence SEQ_CONTROLLO_OPERATIVI
--------------------------------------------------------

   CREATE SEQUENCE  "WEST"."SEQ_CONTROLLO_OPERATIVI"  MINVALUE 1 MAXVALUE 9999999999999999999999999999 INCREMENT BY 1 START WITH 1 NOCACHE  ORDER  NOCYCLE  NOPARTITION ;
--------------------------------------------------------
--  DDL for Sequence SEQ_ESTERNALIZZAZIONE
--------------------------------------------------------

   CREATE SEQUENCE  "WEST"."SEQ_ESTERNALIZZAZIONE"  MINVALUE 1 MAXVALUE 9999999999999999999999999999 INCREMENT BY 1 START WITH 1 NOCACHE  ORDER  NOCYCLE  NOPARTITION ;
--------------------------------------------------------
--  DDL for Sequence SEQ_GENERA_ID
--------------------------------------------------------

   CREATE SEQUENCE  "WEST"."SEQ_GENERA_ID"  MINVALUE 1 MAXVALUE 9999999999999999999999999999 INCREMENT BY 1 START WITH 1 NOCACHE  ORDER  NOCYCLE  NOPARTITION ;
--------------------------------------------------------
--  DDL for Sequence SEQ_GENERA_PROG_LAV
--------------------------------------------------------

   CREATE SEQUENCE  "WEST"."SEQ_GENERA_PROG_LAV"  MINVALUE 1 MAXVALUE 9999999999999999999999999999 INCREMENT BY 1 START WITH 1 NOCACHE  NOORDER  NOCYCLE  NOPARTITION ;
--------------------------------------------------------
--  DDL for Sequence SEQ_REMIND
--------------------------------------------------------

   CREATE SEQUENCE  "WEST"."SEQ_REMIND"  MINVALUE 1 MAXVALUE 9999999999999999999999999999 INCREMENT BY 1 START WITH 1 NOCACHE  ORDER  NOCYCLE  NOPARTITION ;
--------------------------------------------------------
--  DDL for Sequence SEQ_TASK
--------------------------------------------------------

   CREATE SEQUENCE  "WEST"."SEQ_TASK"  MINVALUE 1 MAXVALUE 9999999999999999999999999999 INCREMENT BY 1 START WITH 1 NOCACHE  ORDER  NOCYCLE  NOPARTITION ;
--------------------------------------------------------
--  DDL for Sequence SEQ_CONTROLLO
--------------------------------------------------------

   CREATE SEQUENCE  "WEST"."SEQ_CONTROLLO"  MINVALUE 1 MAXVALUE 9999999999999999999999999999 INCREMENT BY 1 START WITH 1 NOCACHE  ORDER  NOCYCLE  NOPARTITION ;

--------------------------------------------------------
--  DDL for Table WEST_ALLEGATO
--------------------------------------------------------

  CREATE TABLE "WEST"."WEST_ALLEGATO" 
   (	"ID_ALLEGATO" VARCHAR2(20 BYTE), 
	"DESC_ALLEGATO" VARCHAR2(20 BYTE), 
	"NOME_ALLEGATO" VARCHAR2(100 BYTE), 
	"CONTENUTO" BLOB, 
	"DATA_INSERIMENTO" DATE, 
	"UTENTE_INSERIMENTO" VARCHAR2(255 BYTE), 
	"ID_ESTERNALIZZAZIONE" NUMBER, 
	"ID_TASK" NUMBER, 
	"MIME_TYPES" VARCHAR2(100 BYTE), 
	"SIZE_ALLEGATO" NUMBER(10,2), 
	"TIPO_ALLEGATO" VARCHAR2(1000 BYTE), 
	"TIPO_AMBITO" VARCHAR2(40 BYTE), 
	"AMBITO" VARCHAR2(100 BYTE), 
	"CONTESTO" VARCHAR2(100 BYTE)
   ) SEGMENT CREATION IMMEDIATE 
  PCTFREE 10 PCTUSED 40 INITRANS 1 MAXTRANS 255 
 NOCOMPRESS LOGGING
  STORAGE(INITIAL 65536 NEXT 1048576 MINEXTENTS 1 MAXEXTENTS 2147483645
  PCTINCREASE 0 FREELISTS 1 FREELIST GROUPS 1
  BUFFER_POOL DEFAULT FLASH_CACHE DEFAULT CELL_FLASH_CACHE DEFAULT)
  TABLESPACE "USERS" 
 LOB ("CONTENUTO") STORE AS SECUREFILE (
  TABLESPACE "USERS" ENABLE STORAGE IN ROW CHUNK 8192
  NOCACHE LOGGING  NOCOMPRESS  KEEP_DUPLICATES 
  STORAGE(INITIAL 106496 NEXT 1048576 MINEXTENTS 1 MAXEXTENTS 2147483645
  PCTINCREASE 0
  BUFFER_POOL DEFAULT FLASH_CACHE DEFAULT CELL_FLASH_CACHE DEFAULT)) ;
--------------------------------------------------------
--  DDL for Table WEST_AZIONE_CORRETTIVA
--------------------------------------------------------

  CREATE TABLE "WEST"."WEST_AZIONE_CORRETTIVA" 
   (	"ID_AZIONE_CORRETTIVA" NUMBER, 
	"DESCRIZIONE_AZIONE_CORRETTIVA" VARCHAR2(50 BYTE), 
	"DATA_INSERIMENTO" DATE, 
	"DATA_AGGIORNAMENTO" DATE, 
	"UTENTE_INSERIMENTO" VARCHAR2(50 BYTE), 
	"UTENTE_AGGIORNAMENTO" VARCHAR2(50 BYTE), 
	"DATA_INIZIO_VALIDITA" DATE, 
	"DATA_FINE_VALIDITA" DATE
   ) SEGMENT CREATION IMMEDIATE 
  PCTFREE 10 PCTUSED 40 INITRANS 1 MAXTRANS 255 
 NOCOMPRESS LOGGING
  STORAGE(INITIAL 65536 NEXT 1048576 MINEXTENTS 1 MAXEXTENTS 2147483645
  PCTINCREASE 0 FREELISTS 1 FREELIST GROUPS 1
  BUFFER_POOL DEFAULT FLASH_CACHE DEFAULT CELL_FLASH_CACHE DEFAULT)
  TABLESPACE "USERS" ;
--------------------------------------------------------
--  DDL for Table WEST_BENEFICIO_CONSEGUIBILE
--------------------------------------------------------

  CREATE TABLE "WEST"."WEST_BENEFICIO_CONSEGUIBILE" 
   (	"ID_BENEFICIO_CONSEGUIBILE" NUMBER, 
	"DESCRIZIONE_BENEFICIO_CONS" VARCHAR2(50 BYTE), 
	"DATA_INSERIMENTO" DATE, 
	"DATA_AGGIORNAMENTO" DATE, 
	"UTENTE_INSERIMENTO" VARCHAR2(50 BYTE), 
	"UTENTE_AGGIORNAMENTO" VARCHAR2(50 BYTE), 
	"DATA_INIZIO_VALIDITA" DATE, 
	"DATA_FINE_VALIDITA" DATE
   ) SEGMENT CREATION IMMEDIATE 
  PCTFREE 10 PCTUSED 40 INITRANS 1 MAXTRANS 255 
 NOCOMPRESS LOGGING
  STORAGE(INITIAL 65536 NEXT 1048576 MINEXTENTS 1 MAXEXTENTS 2147483645
  PCTINCREASE 0 FREELISTS 1 FREELIST GROUPS 1
  BUFFER_POOL DEFAULT FLASH_CACHE DEFAULT CELL_FLASH_CACHE DEFAULT)
  TABLESPACE "USERS" ;
--------------------------------------------------------
--  DDL for Table WEST_CONTROLLO_OPERATIVI
--------------------------------------------------------

  CREATE TABLE "WEST"."WEST_CONTROLLO_OPERATIVI" 
   (	"ID_CONT_OP" NUMBER, 
	"NOME" VARCHAR2(50 BYTE), 
	"COGNOME" VARCHAR2(50 BYTE), 
	"REGISTRAZIONE" VARCHAR2(50 BYTE), 
	"CONTROLLO" NUMBER DEFAULT 0, 
	"OPERATIVO" NUMBER DEFAULT 0, 
	"ID_ESTERNALIZZAZIONE" NUMBER
   ) SEGMENT CREATION IMMEDIATE 
  PCTFREE 10 PCTUSED 40 INITRANS 1 MAXTRANS 255 
 NOCOMPRESS LOGGING
  STORAGE(INITIAL 65536 NEXT 1048576 MINEXTENTS 1 MAXEXTENTS 2147483645
  PCTINCREASE 0 FREELISTS 1 FREELIST GROUPS 1
  BUFFER_POOL DEFAULT FLASH_CACHE DEFAULT CELL_FLASH_CACHE DEFAULT)
  TABLESPACE "USERS" ;
--------------------------------------------------------
--  DDL for Table WEST_ESITO_CONTROLLO
--------------------------------------------------------

  CREATE TABLE "WEST"."WEST_ESITO_CONTROLLO" 
   (	"ID_ESITO_CONTROLLO" NUMBER, 
	"DESCRIZIONE_ESITO_CONTROLLO" VARCHAR2(50 BYTE), 
	"DATA_INSERIMENTO" DATE, 
	"DATA_AGGIORNAMENTO" DATE, 
	"UTENTE_INSERIMENTO" VARCHAR2(50 BYTE), 
	"UTENTE_AGGIORNAMENTO" VARCHAR2(50 BYTE), 
	"DATA_INIZIO_VALIDITA" DATE, 
	"DATA_FINE_VALIDITA" DATE
   ) SEGMENT CREATION IMMEDIATE 
  PCTFREE 10 PCTUSED 40 INITRANS 1 MAXTRANS 255 
 NOCOMPRESS LOGGING
  STORAGE(INITIAL 65536 NEXT 1048576 MINEXTENTS 1 MAXEXTENTS 2147483645
  PCTINCREASE 0 FREELISTS 1 FREELIST GROUPS 1
  BUFFER_POOL DEFAULT FLASH_CACHE DEFAULT CELL_FLASH_CACHE DEFAULT)
  TABLESPACE "USERS" ;
--------------------------------------------------------
--  DDL for Table WEST_ESTERNALIZZAZIONE
--------------------------------------------------------

  CREATE TABLE "WEST"."WEST_ESTERNALIZZAZIONE" 
   (	"ID_ESTERNALIZZAZIONE" NUMBER, 
	"DATA_CREAZIONE_EST" DATE, 
	"COMPILATA_DA" VARCHAR2(50 BYTE), 
	"TITOLO_ESTERNALIZZAZIONE" VARCHAR2(50 BYTE), 
	"ID_TIPO_ESTERNALIZZAZIONE" NUMBER, 
	"APPROVAZIONE_CDA" DATE, 
	"DATA_MODIFICA_TIPOLOGIA_EST" DATE, 
	"UTENTE_MODIFICA_EST" VARCHAR2(50 BYTE), 
	"MOTIVAZIONE_ESTERNALIZZAZIONE" VARCHAR2(50 BYTE), 
	"ID_BENEFICIO_CONSEGUIBILE" NUMBER, 
	"DATA_PROBABILE_INIZIO_EST" DATE, 
	"NOME_FORNITORE" VARCHAR2(80 BYTE), 
	"SPAZIO_ECONOMICO_EUROPEO" VARCHAR2(2 BYTE), 
	"AFFIDABILITA_COMP_FORNITORE" VARCHAR2(50 BYTE), 
	"ID_RISCHIOSITA_EST" NUMBER, 
	"VALUTAZIONE_RISCHIO_EST" VARCHAR2(50 BYTE), 
	"ID_VERIFICA_CONFL_INT" NUMBER, 
	"ID_RISCHI_BC" NUMBER, 
	"VALUTAZIONE_RISCHI_BC" VARCHAR2(50 BYTE), 
	"ID_PIANO_REINTERNALIZZAZIONE" NUMBER, 
	"RISPETTO_REMUNERAZIONE" VARCHAR2(2 BYTE), 
	"DATA_INIZIO_EFFICACIA_CONTR" DATE, 
	"SLA_CONTRATTUALMENTE_DEFINITI" VARCHAR2(2 BYTE), 
	"DESCRIZIONE_CONTROLLO" VARCHAR2(50 BYTE), 
	"ID_TIPO_CONTROLLO" NUMBER, 
	"DATA_INIZIO_CONTROLLO" DATE, 
	"DATA_FINE_CONTROLLO" DATE, 
	"ID_PERIODICITA" NUMBER, 
	"VINCOLO_PAGAMENTO_FATTURA" VARCHAR2(2 BYTE), 
	"RESPONSABILE_SINGOLO_CONTROLLO" VARCHAR2(50 BYTE), 
	"ID_ESITO_CONTROLLO" NUMBER, 
	"DESCRIZIONE_ESITO_CONTROLLO" VARCHAR2(50 BYTE), 
	"ID_AZIONE_CORRETTIVA" NUMBER, 
	"NOTA_AZIONE_CORRETTIVA" VARCHAR2(50 BYTE), 
	"ID_STATO" NUMBER, 
	"NUMERO_COM_IVASS" VARCHAR2(10 BYTE), 
	"NUMERO_RDA" VARCHAR2(10 BYTE), 
	"NUMERO_ODA" VARCHAR2(10 BYTE), 
	"NUMERO_PROT_CONTRATTUALE" VARCHAR2(20 BYTE), 
	"PERIODO_PREAVV_CONTRATTUALE" VARCHAR2(20 BYTE), 
	"TIPOLOGIA_RINNOVO" VARCHAR2(20 BYTE), 
	"CODICE_DIREZIONE" VARCHAR2(3 BYTE), 
	"RESPONSABILE_CONTROLLO_EST" VARCHAR2(50 BYTE), 
	"ID_RC" VARCHAR2(50 BYTE)
   ) SEGMENT CREATION IMMEDIATE 
  PCTFREE 10 PCTUSED 40 INITRANS 1 MAXTRANS 255 
 NOCOMPRESS LOGGING
  STORAGE(INITIAL 65536 NEXT 1048576 MINEXTENTS 1 MAXEXTENTS 2147483645
  PCTINCREASE 0 FREELISTS 1 FREELIST GROUPS 1
  BUFFER_POOL DEFAULT FLASH_CACHE DEFAULT CELL_FLASH_CACHE DEFAULT)
  TABLESPACE "USERS" ;
--------------------------------------------------------
--  DDL for Table WEST_FASE_ESTERNALIZZAZIONE
--------------------------------------------------------

  CREATE TABLE "WEST"."WEST_FASE_ESTERNALIZZAZIONE" 
   (	"ID_FASE_ESTERNALIZZAZIONE" NUMBER, 
	"DATA_INIZIO_VALIDITA" DATE, 
	"DATA_FINE_VALIDITA" DATE, 
	"ID_TASK" NUMBER, 
	"ID_ESTERNALIZZAZIONE" NUMBER, 
	"ID_TIPO_FASE" NUMBER, 
	"DATA_INSERIMENTO" DATE, 
	"DATA_AGGIORNAMENTO" DATE, 
	"UTENTE_INSERIMENTO" VARCHAR2(20 BYTE), 
	"UTENTE_AGGIORNAMENTO" VARCHAR2(20 BYTE), 
	"DATA_ASSEGNAZIONE" DATE, 
	"UTENTE_RESPONSABILE" VARCHAR2(20 BYTE), 
	"UTENTE_DELEGATO" VARCHAR2(20 BYTE), 
	"STATO" VARCHAR2(1 BYTE), 
	"RISPOSTA_LEGALE" VARCHAR2(1 BYTE)
   ) SEGMENT CREATION DEFERRED 
  PCTFREE 10 PCTUSED 40 INITRANS 1 MAXTRANS 255 
 NOCOMPRESS LOGGING
  TABLESPACE "USERS" ;

   COMMENT ON COLUMN "WEST"."WEST_FASE_ESTERNALIZZAZIONE"."STATO" IS 'A=Aperta C=Chiusa
';
   COMMENT ON COLUMN "WEST"."WEST_FASE_ESTERNALIZZAZIONE"."RISPOSTA_LEGALE" IS 'S=Si N=No
';
--------------------------------------------------------
--  DDL for Table WEST_PERIODICITA
--------------------------------------------------------

  CREATE TABLE "WEST"."WEST_PERIODICITA" 
   (	"ID_PERIODICITA" NUMBER, 
	"DESCRIZIONE_PRIODICITA" VARCHAR2(50 BYTE), 
	"DATA_INSERIMENTO" DATE, 
	"DATA_AGGIORNAMENTO" DATE, 
	"UTENTE_INSERIMENTO" VARCHAR2(50 BYTE), 
	"UTENTE_AGGIORNAMENTO" VARCHAR2(50 BYTE), 
	"DATA_INIZIO_VALIDITA" DATE, 
	"DATA_FINE_VALIDITA" DATE
   ) SEGMENT CREATION IMMEDIATE 
  PCTFREE 10 PCTUSED 40 INITRANS 1 MAXTRANS 255 
 NOCOMPRESS LOGGING
  STORAGE(INITIAL 65536 NEXT 1048576 MINEXTENTS 1 MAXEXTENTS 2147483645
  PCTINCREASE 0 FREELISTS 1 FREELIST GROUPS 1
  BUFFER_POOL DEFAULT FLASH_CACHE DEFAULT CELL_FLASH_CACHE DEFAULT)
  TABLESPACE "USERS" ;
--------------------------------------------------------
--  DDL for Table WEST_PIANO_REINTERNALIZZAZIONE
--------------------------------------------------------

  CREATE TABLE "WEST"."WEST_PIANO_REINTERNALIZZAZIONE" 
   (	"ID_PIANO_REINTERNALIZZAZIONE" NUMBER, 
	"DESCRIZIONE_PIANO_REINT" VARCHAR2(50 BYTE), 
	"DATA_INSERIMENTO" DATE, 
	"DATA_AGGIORNAMENTO" DATE, 
	"UTENTE_INSERIMENTO" VARCHAR2(50 BYTE), 
	"UTENTE_AGGIORNAMENTO" VARCHAR2(50 BYTE), 
	"DATA_INIZIO_VALIDITA" DATE, 
	"DATA_FINE_VALIDITA" DATE
   ) SEGMENT CREATION IMMEDIATE 
  PCTFREE 10 PCTUSED 40 INITRANS 1 MAXTRANS 255 
 NOCOMPRESS LOGGING
  STORAGE(INITIAL 65536 NEXT 1048576 MINEXTENTS 1 MAXEXTENTS 2147483645
  PCTINCREASE 0 FREELISTS 1 FREELIST GROUPS 1
  BUFFER_POOL DEFAULT FLASH_CACHE DEFAULT CELL_FLASH_CACHE DEFAULT)
  TABLESPACE "USERS" ;
--------------------------------------------------------
--  DDL for Table WEST_REMIND
--------------------------------------------------------

  CREATE TABLE "WEST"."WEST_REMIND" 
   (	"ID_REMIND" NUMBER, 
	"TIPO_REMIND" VARCHAR2(20 BYTE), 
	"OGGETTO" VARCHAR2(100 BYTE), 
	"ID_TIPO_UTENTE" NUMBER, 
	"PERIODICITA" NUMBER, 
	"DATA_INIZIO" DATE, 
	"DATA_FINE" DATE, 
	"ID_ESTERNALIZZAZIONE" NUMBER, 
	"STATO" VARCHAR2(1 BYTE)
   ) SEGMENT CREATION IMMEDIATE 
  PCTFREE 10 PCTUSED 40 INITRANS 1 MAXTRANS 255 
 NOCOMPRESS LOGGING
  STORAGE(INITIAL 65536 NEXT 1048576 MINEXTENTS 1 MAXEXTENTS 2147483645
  PCTINCREASE 0 FREELISTS 1 FREELIST GROUPS 1
  BUFFER_POOL DEFAULT FLASH_CACHE DEFAULT CELL_FLASH_CACHE DEFAULT)
  TABLESPACE "USERS" ;

   COMMENT ON COLUMN "WEST"."WEST_REMIND"."PERIODICITA" IS 'Periodicita in giorni
';
   COMMENT ON COLUMN "WEST"."WEST_REMIND"."STATO" IS 'A=Aperto C=Chiuso
';
--------------------------------------------------------
--  DDL for Table WEST_RISCHIOSITA_EST
--------------------------------------------------------

  CREATE TABLE "WEST"."WEST_RISCHIOSITA_EST" 
   (	"ID_RISCHIOSITA_EST" NUMBER, 
	"DESCRIZIONE_RISCHIOSITA_EST" VARCHAR2(50 BYTE), 
	"DATA_INSERIMENTO" DATE, 
	"DATA_AGGIORNAMENTO" DATE, 
	"UTENTE_INSERIMENTO" VARCHAR2(50 BYTE), 
	"UTENTE_AGGIORNAMENTO" VARCHAR2(50 BYTE), 
	"DATA_INIZIO_VALIDITA" DATE, 
	"DATA_FINE_VALIDITA" DATE
   ) SEGMENT CREATION IMMEDIATE 
  PCTFREE 10 PCTUSED 40 INITRANS 1 MAXTRANS 255 
 NOCOMPRESS LOGGING
  STORAGE(INITIAL 65536 NEXT 1048576 MINEXTENTS 1 MAXEXTENTS 2147483645
  PCTINCREASE 0 FREELISTS 1 FREELIST GROUPS 1
  BUFFER_POOL DEFAULT FLASH_CACHE DEFAULT CELL_FLASH_CACHE DEFAULT)
  TABLESPACE "USERS" ;
--------------------------------------------------------
--  DDL for Table WEST_RISCHI_BC
--------------------------------------------------------

  CREATE TABLE "WEST"."WEST_RISCHI_BC" 
   (	"ID_RISCHI_BC" NUMBER, 
	"DESCRIZIONE_RISCHI_BC" VARCHAR2(50 BYTE), 
	"DATA_INSERIMENTO" DATE, 
	"DATA_AGGIORNAMENTO" DATE, 
	"UTENTE_INSERIMENTO" VARCHAR2(50 BYTE), 
	"UTENTE_AGGIORNAMENTO" VARCHAR2(50 BYTE), 
	"DATA_INIZIO_VALIDITA" DATE, 
	"DATA_FINE_VALIDITA" DATE
   ) SEGMENT CREATION IMMEDIATE 
  PCTFREE 10 PCTUSED 40 INITRANS 1 MAXTRANS 255 
 NOCOMPRESS LOGGING
  STORAGE(INITIAL 65536 NEXT 1048576 MINEXTENTS 1 MAXEXTENTS 2147483645
  PCTINCREASE 0 FREELISTS 1 FREELIST GROUPS 1
  BUFFER_POOL DEFAULT FLASH_CACHE DEFAULT CELL_FLASH_CACHE DEFAULT)
  TABLESPACE "USERS" ;
--------------------------------------------------------
--  DDL for Table WEST_STATO
--------------------------------------------------------

  CREATE TABLE "WEST"."WEST_STATO" 
   (	"ID_STATO" NUMBER, 
	"DESCRIZIONE_STATO" VARCHAR2(50 BYTE), 
	"DATA_INSERIMENTO" DATE, 
	"DATA_AGGIORNAMENTO" DATE, 
	"UTENTE_INSERIMENTO" VARCHAR2(50 BYTE), 
	"UTENTE_AGGIORNAMENTO" VARCHAR2(50 BYTE), 
	"DATA_FINE_VALIDITA" DATE, 
	"DATA_INIZIO_VALIDITA" DATE, 
	"VOCE_MENU" VARCHAR2(100 BYTE)
   ) SEGMENT CREATION IMMEDIATE 
  PCTFREE 10 PCTUSED 40 INITRANS 1 MAXTRANS 255 
 NOCOMPRESS LOGGING
  STORAGE(INITIAL 65536 NEXT 1048576 MINEXTENTS 1 MAXEXTENTS 2147483645
  PCTINCREASE 0 FREELISTS 1 FREELIST GROUPS 1
  BUFFER_POOL DEFAULT FLASH_CACHE DEFAULT CELL_FLASH_CACHE DEFAULT)
  TABLESPACE "USERS" ;
--------------------------------------------------------
--  DDL for Table WEST_TASK
--------------------------------------------------------

  CREATE TABLE "WEST"."WEST_TASK" 
   (	"ID_TASK" NUMBER, 
	"PROG_LAV_TASK" NUMBER, 
	"ID_TIPO_TASK" NUMBER, 
	"UTENTE_OWNER" VARCHAR2(20 BYTE), 
	"DATA_CREAZIONE" DATE, 
	"DATA_FINE" DATE, 
	"STATO" CHAR(1 BYTE), 
	"DESCRIZIONE" VARCHAR2(30 BYTE), 
	"ID_ESTERNALIZZAZIONE" NUMBER, 
	"UTENTE_RESPONSABILE" VARCHAR2(20 BYTE), 
	"DATA_ASSEGNAZIONE" DATE, 
	"UTENTE_DELEGATO" VARCHAR2(20 BYTE), 
	"ALLEGATI" BLOB, 
	"ID_TIPO_UTENTE" NUMBER, 
	"TIPO_CAMPO_ATTIVATO_EST" VARCHAR2(255 BYTE), 
	"FASE_ESTERNALIZZAZIONE" VARCHAR2(255 BYTE), 
	"CODICE_DIREZIONE" VARCHAR2(3 BYTE), 
	"BLOCCANTE" CHAR(1 BYTE), 
	"FASE_BLOCCANTE" VARCHAR2(255 BYTE)
   ) SEGMENT CREATION IMMEDIATE 
  PCTFREE 10 PCTUSED 40 INITRANS 1 MAXTRANS 255 
 NOCOMPRESS LOGGING
  STORAGE(INITIAL 65536 NEXT 1048576 MINEXTENTS 1 MAXEXTENTS 2147483645
  PCTINCREASE 0 FREELISTS 1 FREELIST GROUPS 1
  BUFFER_POOL DEFAULT FLASH_CACHE DEFAULT CELL_FLASH_CACHE DEFAULT)
  TABLESPACE "USERS" 
 LOB ("ALLEGATI") STORE AS SECUREFILE (
  TABLESPACE "USERS" ENABLE STORAGE IN ROW CHUNK 8192
  NOCACHE LOGGING  NOCOMPRESS  KEEP_DUPLICATES 
  STORAGE(INITIAL 106496 NEXT 1048576 MINEXTENTS 1 MAXEXTENTS 2147483645
  PCTINCREASE 0
  BUFFER_POOL DEFAULT FLASH_CACHE DEFAULT CELL_FLASH_CACHE DEFAULT)) ;

   COMMENT ON COLUMN "WEST"."WEST_TASK"."STATO" IS 'A=Assegnata C=Completata
 V=Validazione

';
   COMMENT ON COLUMN "WEST"."WEST_TASK"."BLOCCANTE" IS 'S=Si,N=No
';
--------------------------------------------------------
--  DDL for Table WEST_TIPO_CONTROLLO
--------------------------------------------------------

  CREATE TABLE "WEST"."WEST_TIPO_CONTROLLO" 
   (	"ID_TIPO_CONTROLLO" NUMBER, 
	"DESCRIZIONE_TIPO_CONTROLLO" VARCHAR2(50 BYTE), 
	"DATA_INSERIMENTO" DATE, 
	"DATA_AGGIORNAMENTO" DATE, 
	"UTENTE_INSERIMENTO" VARCHAR2(50 BYTE), 
	"UTENTE_AGGIORNAMENTO" VARCHAR2(50 BYTE), 
	"DATA_INIZIO_VALIDITA" DATE, 
	"DATA_FINE_VALIDITA" DATE
   ) SEGMENT CREATION IMMEDIATE 
  PCTFREE 10 PCTUSED 40 INITRANS 1 MAXTRANS 255 
 NOCOMPRESS LOGGING
  STORAGE(INITIAL 65536 NEXT 1048576 MINEXTENTS 1 MAXEXTENTS 2147483645
  PCTINCREASE 0 FREELISTS 1 FREELIST GROUPS 1
  BUFFER_POOL DEFAULT FLASH_CACHE DEFAULT CELL_FLASH_CACHE DEFAULT)
  TABLESPACE "USERS" ;
--------------------------------------------------------
--  DDL for Table WEST_TIPO_ESTERNALIZZAZIONE
--------------------------------------------------------

  CREATE TABLE "WEST"."WEST_TIPO_ESTERNALIZZAZIONE" 
   (	"ID_TIPO_ESTERNALIZZAZIONE" NUMBER, 
	"DESCR_TIPO_ESTERNALIZZAZIONE" VARCHAR2(50 BYTE), 
	"DATA_INSERIMENTO" DATE, 
	"DATA_AGGIORNAMENTO" DATE, 
	"UTENTE_INSERIMENTO" VARCHAR2(50 BYTE), 
	"UTENTE_AGGIORNAMENTO" VARCHAR2(50 BYTE), 
	"DATA_INIZIO_VALIDITA" DATE, 
	"DATA_FINE_VALIDITA" DATE
   ) SEGMENT CREATION IMMEDIATE 
  PCTFREE 10 PCTUSED 40 INITRANS 1 MAXTRANS 255 
 NOCOMPRESS LOGGING
  STORAGE(INITIAL 65536 NEXT 1048576 MINEXTENTS 1 MAXEXTENTS 2147483645
  PCTINCREASE 0 FREELISTS 1 FREELIST GROUPS 1
  BUFFER_POOL DEFAULT FLASH_CACHE DEFAULT CELL_FLASH_CACHE DEFAULT)
  TABLESPACE "USERS" ;
--------------------------------------------------------
--  DDL for Table WEST_TIPO_FASE
--------------------------------------------------------

  CREATE TABLE "WEST"."WEST_TIPO_FASE" 
   (	"ID_TIPO_FASE" NUMBER, 
	"DESC_TIPO_FASE" VARCHAR2(255 BYTE)
   ) SEGMENT CREATION IMMEDIATE 
  PCTFREE 10 PCTUSED 40 INITRANS 1 MAXTRANS 255 
 NOCOMPRESS LOGGING
  STORAGE(INITIAL 65536 NEXT 1048576 MINEXTENTS 1 MAXEXTENTS 2147483645
  PCTINCREASE 0 FREELISTS 1 FREELIST GROUPS 1
  BUFFER_POOL DEFAULT FLASH_CACHE DEFAULT CELL_FLASH_CACHE DEFAULT)
  TABLESPACE "USERS" ;
--------------------------------------------------------
--  DDL for Table WEST_TIPO_FUNZIONE
--------------------------------------------------------

  CREATE TABLE "WEST"."WEST_TIPO_FUNZIONE" 
   (	"ID_TIPO_FUNZIONE" NUMBER, 
	"DESC_TIPO_FUNZIONE" VARCHAR2(20 BYTE)
   ) SEGMENT CREATION DEFERRED 
  PCTFREE 10 PCTUSED 40 INITRANS 1 MAXTRANS 255 
 NOCOMPRESS LOGGING
  TABLESPACE "USERS" ;
--------------------------------------------------------
--  DDL for Table WEST_TIPO_TASK
--------------------------------------------------------

  CREATE TABLE "WEST"."WEST_TIPO_TASK" 
   (	"ID_TIPO_TASK" NUMBER, 
	"TIPO_TASK" VARCHAR2(50 BYTE), 
	"DESC_TIPO_TASK" VARCHAR2(100 BYTE), 
	"ID_TIPO_UTENTE" NUMBER, 
	"OGGETTO" VARCHAR2(4000 BYTE)
   ) SEGMENT CREATION IMMEDIATE 
  PCTFREE 10 PCTUSED 40 INITRANS 1 MAXTRANS 255 
 NOCOMPRESS LOGGING
  STORAGE(INITIAL 65536 NEXT 1048576 MINEXTENTS 1 MAXEXTENTS 2147483645
  PCTINCREASE 0 FREELISTS 1 FREELIST GROUPS 1
  BUFFER_POOL DEFAULT FLASH_CACHE DEFAULT CELL_FLASH_CACHE DEFAULT)
  TABLESPACE "USERS" ;
--------------------------------------------------------
--  DDL for Table WEST_TIPO_UTENTE
--------------------------------------------------------

  CREATE TABLE "WEST"."WEST_TIPO_UTENTE" 
   (	"ID_TIPO_UTENTE" NUMBER, 
	"AC_TIPO_UTENTE" VARCHAR2(20 BYTE), 
	"DESC_TIPO_UTENTE" VARCHAR2(255 BYTE), 
	"INDIRIZZO_EMAIL" VARCHAR2(50 BYTE), 
	"CODICE_DIREZIONE" VARCHAR2(10 BYTE)
   ) SEGMENT CREATION IMMEDIATE 
  PCTFREE 10 PCTUSED 40 INITRANS 1 MAXTRANS 255 
 NOCOMPRESS LOGGING
  STORAGE(INITIAL 65536 NEXT 1048576 MINEXTENTS 1 MAXEXTENTS 2147483645
  PCTINCREASE 0 FREELISTS 1 FREELIST GROUPS 1
  BUFFER_POOL DEFAULT FLASH_CACHE DEFAULT CELL_FLASH_CACHE DEFAULT)
  TABLESPACE "USERS" ;
--------------------------------------------------------
--  DDL for Table WEST_VERIFICA_CONFL_INT
--------------------------------------------------------

  CREATE TABLE "WEST"."WEST_VERIFICA_CONFL_INT" 
   (	"ID_VERIFICA_CONFL_INT" NUMBER, 
	"DESCR_VERIFICA_CONFL_INT" VARCHAR2(50 BYTE), 
	"DATA_INSERIMENTO" DATE, 
	"DATA_AGGIORNAMENTO" DATE, 
	"UTENTE_INSERIMENTO" VARCHAR2(50 BYTE), 
	"UTENTE_AGGIORNAMENTO" VARCHAR2(50 BYTE), 
	"DATA_INIZIO_VALIDITA" DATE, 
	"DATA_FINE_VALIDITA" DATE
   ) SEGMENT CREATION IMMEDIATE 
  PCTFREE 10 PCTUSED 40 INITRANS 1 MAXTRANS 255 
 NOCOMPRESS LOGGING
  STORAGE(INITIAL 65536 NEXT 1048576 MINEXTENTS 1 MAXEXTENTS 2147483645
  PCTINCREASE 0 FREELISTS 1 FREELIST GROUPS 1
  BUFFER_POOL DEFAULT FLASH_CACHE DEFAULT CELL_FLASH_CACHE DEFAULT)
  TABLESPACE "USERS" ;
REM INSERTING into WEST.WEST_ALLEGATO
SET DEFINE OFF;
REM INSERTING into WEST.WEST_AZIONE_CORRETTIVA
SET DEFINE OFF;
Insert into WEST.WEST_AZIONE_CORRETTIVA (ID_AZIONE_CORRETTIVA,DESCRIZIONE_AZIONE_CORRETTIVA,DATA_INSERIMENTO,DATA_AGGIORNAMENTO,UTENTE_INSERIMENTO,UTENTE_AGGIORNAMENTO,DATA_INIZIO_VALIDITA,DATA_FINE_VALIDITA) values (1,'Applicazioni di penali',null,null,'Alessia',null,null,null);
Insert into WEST.WEST_AZIONE_CORRETTIVA (ID_AZIONE_CORRETTIVA,DESCRIZIONE_AZIONE_CORRETTIVA,DATA_INSERIMENTO,DATA_AGGIORNAMENTO,UTENTE_INSERIMENTO,UTENTE_AGGIORNAMENTO,DATA_INIZIO_VALIDITA,DATA_FINE_VALIDITA) values (2,'Variazioni Contrattuali',null,null,'Alessia',null,null,null);
Insert into WEST.WEST_AZIONE_CORRETTIVA (ID_AZIONE_CORRETTIVA,DESCRIZIONE_AZIONE_CORRETTIVA,DATA_INSERIMENTO,DATA_AGGIORNAMENTO,UTENTE_INSERIMENTO,UTENTE_AGGIORNAMENTO,DATA_INIZIO_VALIDITA,DATA_FINE_VALIDITA) values (3,'Cessazioni del Contratto',null,null,'Alessia',null,null,null);
Insert into WEST.WEST_AZIONE_CORRETTIVA (ID_AZIONE_CORRETTIVA,DESCRIZIONE_AZIONE_CORRETTIVA,DATA_INSERIMENTO,DATA_AGGIORNAMENTO,UTENTE_INSERIMENTO,UTENTE_AGGIORNAMENTO,DATA_INIZIO_VALIDITA,DATA_FINE_VALIDITA) values (4,'Richiesta di adeguamento al fornitore',null,null,'Alessia',null,null,null);
Insert into WEST.WEST_AZIONE_CORRETTIVA (ID_AZIONE_CORRETTIVA,DESCRIZIONE_AZIONE_CORRETTIVA,DATA_INSERIMENTO,DATA_AGGIORNAMENTO,UTENTE_INSERIMENTO,UTENTE_AGGIORNAMENTO,DATA_INIZIO_VALIDITA,DATA_FINE_VALIDITA) values (5,'Nessuna variazione',null,null,'Alessia',null,null,null);
REM INSERTING into WEST.WEST_BENEFICIO_CONSEGUIBILE
SET DEFINE OFF;
Insert into WEST.WEST_BENEFICIO_CONSEGUIBILE (ID_BENEFICIO_CONSEGUIBILE,DESCRIZIONE_BENEFICIO_CONS,DATA_INSERIMENTO,DATA_AGGIORNAMENTO,UTENTE_INSERIMENTO,UTENTE_AGGIORNAMENTO,DATA_INIZIO_VALIDITA,DATA_FINE_VALIDITA) values (1,'Economici',null,null,'Alessia',null,null,null);
Insert into WEST.WEST_BENEFICIO_CONSEGUIBILE (ID_BENEFICIO_CONSEGUIBILE,DESCRIZIONE_BENEFICIO_CONS,DATA_INSERIMENTO,DATA_AGGIORNAMENTO,UTENTE_INSERIMENTO,UTENTE_AGGIORNAMENTO,DATA_INIZIO_VALIDITA,DATA_FINE_VALIDITA) values (2,'Efficientamento',null,null,'Alessia',null,null,null);
Insert into WEST.WEST_BENEFICIO_CONSEGUIBILE (ID_BENEFICIO_CONSEGUIBILE,DESCRIZIONE_BENEFICIO_CONS,DATA_INSERIMENTO,DATA_AGGIORNAMENTO,UTENTE_INSERIMENTO,UTENTE_AGGIORNAMENTO,DATA_INIZIO_VALIDITA,DATA_FINE_VALIDITA) values (3,'Efficacia',null,null,'Alessia',null,null,null);
Insert into WEST.WEST_BENEFICIO_CONSEGUIBILE (ID_BENEFICIO_CONSEGUIBILE,DESCRIZIONE_BENEFICIO_CONS,DATA_INSERIMENTO,DATA_AGGIORNAMENTO,UTENTE_INSERIMENTO,UTENTE_AGGIORNAMENTO,DATA_INIZIO_VALIDITA,DATA_FINE_VALIDITA) values (4,'Riqualificazione Personale',null,null,'Alessia',null,null,null);
Insert into WEST.WEST_BENEFICIO_CONSEGUIBILE (ID_BENEFICIO_CONSEGUIBILE,DESCRIZIONE_BENEFICIO_CONS,DATA_INSERIMENTO,DATA_AGGIORNAMENTO,UTENTE_INSERIMENTO,UTENTE_AGGIORNAMENTO,DATA_INIZIO_VALIDITA,DATA_FINE_VALIDITA) values (5,'Organizzativi',null,null,'Alessia',null,null,null);
Insert into WEST.WEST_BENEFICIO_CONSEGUIBILE (ID_BENEFICIO_CONSEGUIBILE,DESCRIZIONE_BENEFICIO_CONS,DATA_INSERIMENTO,DATA_AGGIORNAMENTO,UTENTE_INSERIMENTO,UTENTE_AGGIORNAMENTO,DATA_INIZIO_VALIDITA,DATA_FINE_VALIDITA) values (6,'Strategici',null,null,'Alessia',null,null,null);
REM INSERTING into WEST.WEST_CONTROLLO_OPERATIVI
SET DEFINE OFF;
Insert into WEST.WEST_CONTROLLO_OPERATIVI (ID_CONT_OP,NOME,COGNOME,REGISTRAZIONE,CONTROLLO,OPERATIVO,ID_ESTERNALIZZAZIONE) values (0,'SERGIO','CHESSA','T2.DIPENDENTE',1,1,1);
Insert into WEST.WEST_CONTROLLO_OPERATIVI (ID_CONT_OP,NOME,COGNOME,REGISTRAZIONE,CONTROLLO,OPERATIVO,ID_ESTERNALIZZAZIONE) values (1,'SERGIO','CHESSA','T2.DIPENDENTE',1,1,5);
Insert into WEST.WEST_CONTROLLO_OPERATIVI (ID_CONT_OP,NOME,COGNOME,REGISTRAZIONE,CONTROLLO,OPERATIVO,ID_ESTERNALIZZAZIONE) values (2,'SERGIO','CHESSA','T2.DIPENDENTE',1,1,8);
Insert into WEST.WEST_CONTROLLO_OPERATIVI (ID_CONT_OP,NOME,COGNOME,REGISTRAZIONE,CONTROLLO,OPERATIVO,ID_ESTERNALIZZAZIONE) values (3,'SERGIO','CHESSA','T2.DIPENDENTE',1,1,12);
Insert into WEST.WEST_CONTROLLO_OPERATIVI (ID_CONT_OP,NOME,COGNOME,REGISTRAZIONE,CONTROLLO,OPERATIVO,ID_ESTERNALIZZAZIONE) values (4,'LUIGI','VASSALLO','V.CHIARELLO',1,1,29);
REM INSERTING into WEST.WEST_ESITO_CONTROLLO
SET DEFINE OFF;
Insert into WEST.WEST_ESITO_CONTROLLO (ID_ESITO_CONTROLLO,DESCRIZIONE_ESITO_CONTROLLO,DATA_INSERIMENTO,DATA_AGGIORNAMENTO,UTENTE_INSERIMENTO,UTENTE_AGGIORNAMENTO,DATA_INIZIO_VALIDITA,DATA_FINE_VALIDITA) values (1,'Anomalie non presenti ',to_date('19-DEC-18','DD-MON-RR'),null,'Alessia',null,to_date('19-DEC-18','DD-MON-RR'),null);
Insert into WEST.WEST_ESITO_CONTROLLO (ID_ESITO_CONTROLLO,DESCRIZIONE_ESITO_CONTROLLO,DATA_INSERIMENTO,DATA_AGGIORNAMENTO,UTENTE_INSERIMENTO,UTENTE_AGGIORNAMENTO,DATA_INIZIO_VALIDITA,DATA_FINE_VALIDITA) values (2,'Anomalie presenti ',to_date('19-DEC-18','DD-MON-RR'),null,'Alessia',null,to_date('19-DEC-18','DD-MON-RR'),null);
REM INSERTING into WEST.WEST_ESTERNALIZZAZIONE
SET DEFINE OFF;
REM INSERTING into WEST.WEST_FASE_ESTERNALIZZAZIONE
SET DEFINE OFF;
REM INSERTING into WEST.WEST_PERIODICITA
SET DEFINE OFF;
Insert into WEST.WEST_PERIODICITA (ID_PERIODICITA,DESCRIZIONE_PRIODICITA,DATA_INSERIMENTO,DATA_AGGIORNAMENTO,UTENTE_INSERIMENTO,UTENTE_AGGIORNAMENTO,DATA_INIZIO_VALIDITA,DATA_FINE_VALIDITA) values (1,'Settimanale',null,null,'Alessia',null,null,null);
Insert into WEST.WEST_PERIODICITA (ID_PERIODICITA,DESCRIZIONE_PRIODICITA,DATA_INSERIMENTO,DATA_AGGIORNAMENTO,UTENTE_INSERIMENTO,UTENTE_AGGIORNAMENTO,DATA_INIZIO_VALIDITA,DATA_FINE_VALIDITA) values (2,'Bisettimanale',null,null,'Alessia',null,null,null);
Insert into WEST.WEST_PERIODICITA (ID_PERIODICITA,DESCRIZIONE_PRIODICITA,DATA_INSERIMENTO,DATA_AGGIORNAMENTO,UTENTE_INSERIMENTO,UTENTE_AGGIORNAMENTO,DATA_INIZIO_VALIDITA,DATA_FINE_VALIDITA) values (3,'Mensile',null,null,'Alessia',null,null,null);
Insert into WEST.WEST_PERIODICITA (ID_PERIODICITA,DESCRIZIONE_PRIODICITA,DATA_INSERIMENTO,DATA_AGGIORNAMENTO,UTENTE_INSERIMENTO,UTENTE_AGGIORNAMENTO,DATA_INIZIO_VALIDITA,DATA_FINE_VALIDITA) values (4,'Bimestrale',null,null,'Alessia',null,null,null);
Insert into WEST.WEST_PERIODICITA (ID_PERIODICITA,DESCRIZIONE_PRIODICITA,DATA_INSERIMENTO,DATA_AGGIORNAMENTO,UTENTE_INSERIMENTO,UTENTE_AGGIORNAMENTO,DATA_INIZIO_VALIDITA,DATA_FINE_VALIDITA) values (5,'Trimestrale',null,null,'Alessia',null,null,null);
Insert into WEST.WEST_PERIODICITA (ID_PERIODICITA,DESCRIZIONE_PRIODICITA,DATA_INSERIMENTO,DATA_AGGIORNAMENTO,UTENTE_INSERIMENTO,UTENTE_AGGIORNAMENTO,DATA_INIZIO_VALIDITA,DATA_FINE_VALIDITA) values (6,'Quadrimestrale',null,null,'Alessia',null,null,null);
Insert into WEST.WEST_PERIODICITA (ID_PERIODICITA,DESCRIZIONE_PRIODICITA,DATA_INSERIMENTO,DATA_AGGIORNAMENTO,UTENTE_INSERIMENTO,UTENTE_AGGIORNAMENTO,DATA_INIZIO_VALIDITA,DATA_FINE_VALIDITA) values (7,'Semestrale',null,null,'Alessia',null,null,null);
Insert into WEST.WEST_PERIODICITA (ID_PERIODICITA,DESCRIZIONE_PRIODICITA,DATA_INSERIMENTO,DATA_AGGIORNAMENTO,UTENTE_INSERIMENTO,UTENTE_AGGIORNAMENTO,DATA_INIZIO_VALIDITA,DATA_FINE_VALIDITA) values (8,'Annuale',null,null,'Alessia',null,null,null);
REM INSERTING into WEST.WEST_PIANO_REINTERNALIZZAZIONE
SET DEFINE OFF;
Insert into WEST.WEST_PIANO_REINTERNALIZZAZIONE (ID_PIANO_REINTERNALIZZAZIONE,DESCRIZIONE_PIANO_REINT,DATA_INSERIMENTO,DATA_AGGIORNAMENTO,UTENTE_INSERIMENTO,UTENTE_AGGIORNAMENTO,DATA_INIZIO_VALIDITA,DATA_FINE_VALIDITA) values (1,'Presente',to_date('18-DEC-18','DD-MON-RR'),null,'Alessia',null,to_date('18-DEC-18','DD-MON-RR'),null);
Insert into WEST.WEST_PIANO_REINTERNALIZZAZIONE (ID_PIANO_REINTERNALIZZAZIONE,DESCRIZIONE_PIANO_REINT,DATA_INSERIMENTO,DATA_AGGIORNAMENTO,UTENTE_INSERIMENTO,UTENTE_AGGIORNAMENTO,DATA_INIZIO_VALIDITA,DATA_FINE_VALIDITA) values (2,'Non Presente',to_date('18-DEC-18','DD-MON-RR'),null,'Alessia',null,to_date('18-DEC-18','DD-MON-RR'),null);
REM INSERTING into WEST.WEST_REMIND
SET DEFINE OFF;
REM INSERTING into WEST.WEST_RISCHIOSITA_EST
SET DEFINE OFF;
Insert into WEST.WEST_RISCHIOSITA_EST (ID_RISCHIOSITA_EST,DESCRIZIONE_RISCHIOSITA_EST,DATA_INSERIMENTO,DATA_AGGIORNAMENTO,UTENTE_INSERIMENTO,UTENTE_AGGIORNAMENTO,DATA_INIZIO_VALIDITA,DATA_FINE_VALIDITA) values (1,'Alta',null,null,'Alessia',null,null,null);
Insert into WEST.WEST_RISCHIOSITA_EST (ID_RISCHIOSITA_EST,DESCRIZIONE_RISCHIOSITA_EST,DATA_INSERIMENTO,DATA_AGGIORNAMENTO,UTENTE_INSERIMENTO,UTENTE_AGGIORNAMENTO,DATA_INIZIO_VALIDITA,DATA_FINE_VALIDITA) values (2,'Media',null,null,'Alessia',null,null,null);
Insert into WEST.WEST_RISCHIOSITA_EST (ID_RISCHIOSITA_EST,DESCRIZIONE_RISCHIOSITA_EST,DATA_INSERIMENTO,DATA_AGGIORNAMENTO,UTENTE_INSERIMENTO,UTENTE_AGGIORNAMENTO,DATA_INIZIO_VALIDITA,DATA_FINE_VALIDITA) values (3,'Bassa',null,null,'Alessia',null,null,null);
Insert into WEST.WEST_RISCHIOSITA_EST (ID_RISCHIOSITA_EST,DESCRIZIONE_RISCHIOSITA_EST,DATA_INSERIMENTO,DATA_AGGIORNAMENTO,UTENTE_INSERIMENTO,UTENTE_AGGIORNAMENTO,DATA_INIZIO_VALIDITA,DATA_FINE_VALIDITA) values (4,'Non lo so',null,null,'Alessia',null,null,null);
REM INSERTING into WEST.WEST_RISCHI_BC
SET DEFINE OFF;
Insert into WEST.WEST_RISCHI_BC (ID_RISCHI_BC,DESCRIZIONE_RISCHI_BC,DATA_INSERIMENTO,DATA_AGGIORNAMENTO,UTENTE_INSERIMENTO,UTENTE_AGGIORNAMENTO,DATA_INIZIO_VALIDITA,DATA_FINE_VALIDITA) values (1,'Alto',null,null,'Alessia',null,null,null);
Insert into WEST.WEST_RISCHI_BC (ID_RISCHI_BC,DESCRIZIONE_RISCHI_BC,DATA_INSERIMENTO,DATA_AGGIORNAMENTO,UTENTE_INSERIMENTO,UTENTE_AGGIORNAMENTO,DATA_INIZIO_VALIDITA,DATA_FINE_VALIDITA) values (2,'Medio',null,null,'Alessia',null,null,null);
Insert into WEST.WEST_RISCHI_BC (ID_RISCHI_BC,DESCRIZIONE_RISCHI_BC,DATA_INSERIMENTO,DATA_AGGIORNAMENTO,UTENTE_INSERIMENTO,UTENTE_AGGIORNAMENTO,DATA_INIZIO_VALIDITA,DATA_FINE_VALIDITA) values (3,'Basso',null,null,'Alessia',null,null,null);
Insert into WEST.WEST_RISCHI_BC (ID_RISCHI_BC,DESCRIZIONE_RISCHI_BC,DATA_INSERIMENTO,DATA_AGGIORNAMENTO,UTENTE_INSERIMENTO,UTENTE_AGGIORNAMENTO,DATA_INIZIO_VALIDITA,DATA_FINE_VALIDITA) values (4,'Nessuno',null,null,'Alessia',null,null,null);
REM INSERTING into WEST.WEST_STATO
SET DEFINE OFF;
Insert into WEST.WEST_STATO (ID_STATO,DESCRIZIONE_STATO,DATA_INSERIMENTO,DATA_AGGIORNAMENTO,UTENTE_INSERIMENTO,UTENTE_AGGIORNAMENTO,DATA_FINE_VALIDITA,DATA_INIZIO_VALIDITA,VOCE_MENU) values (12,'Lista Task Applicativi',null,null,'configuratore',null,null,null,'Lista Task Applicativi');
Insert into WEST.WEST_STATO (ID_STATO,DESCRIZIONE_STATO,DATA_INSERIMENTO,DATA_AGGIORNAMENTO,UTENTE_INSERIMENTO,UTENTE_AGGIORNAMENTO,DATA_FINE_VALIDITA,DATA_INIZIO_VALIDITA,VOCE_MENU) values (1,'Inserimento Base',null,null,'configuratore',null,null,null,null);
Insert into WEST.WEST_STATO (ID_STATO,DESCRIZIONE_STATO,DATA_INSERIMENTO,DATA_AGGIORNAMENTO,UTENTE_INSERIMENTO,UTENTE_AGGIORNAMENTO,DATA_FINE_VALIDITA,DATA_INIZIO_VALIDITA,VOCE_MENU) values (2,'Fase valutazione',null,null,'configuratore',null,null,null,'fase valutazione');
Insert into WEST.WEST_STATO (ID_STATO,DESCRIZIONE_STATO,DATA_INSERIMENTO,DATA_AGGIORNAMENTO,UTENTE_INSERIMENTO,UTENTE_AGGIORNAMENTO,DATA_FINE_VALIDITA,DATA_INIZIO_VALIDITA,VOCE_MENU) values (13,'Affari Legali e Societari',null,null,'configuratore',null,null,null,'funzione legale');
Insert into WEST.WEST_STATO (ID_STATO,DESCRIZIONE_STATO,DATA_INSERIMENTO,DATA_AGGIORNAMENTO,UTENTE_INSERIMENTO,UTENTE_AGGIORNAMENTO,DATA_FINE_VALIDITA,DATA_INIZIO_VALIDITA,VOCE_MENU) values (14,'Direzione Acquisti ',null,null,'configuratore',null,null,null,'funzione acquisti');
Insert into WEST.WEST_STATO (ID_STATO,DESCRIZIONE_STATO,DATA_INSERIMENTO,DATA_AGGIORNAMENTO,UTENTE_INSERIMENTO,UTENTE_AGGIORNAMENTO,DATA_FINE_VALIDITA,DATA_INIZIO_VALIDITA,VOCE_MENU) values (15,'Chiusura fase di valutazione ',null,null,'configuratore',null,null,null,'chiusura valutazione');
Insert into WEST.WEST_STATO (ID_STATO,DESCRIZIONE_STATO,DATA_INSERIMENTO,DATA_AGGIORNAMENTO,UTENTE_INSERIMENTO,UTENTE_AGGIORNAMENTO,DATA_FINE_VALIDITA,DATA_INIZIO_VALIDITA,VOCE_MENU) values (3,'Fase predisposizione contratto',null,null,'configuratore',null,null,null,'fase predisposizione');
Insert into WEST.WEST_STATO (ID_STATO,DESCRIZIONE_STATO,DATA_INSERIMENTO,DATA_AGGIORNAMENTO,UTENTE_INSERIMENTO,UTENTE_AGGIORNAMENTO,DATA_FINE_VALIDITA,DATA_INIZIO_VALIDITA,VOCE_MENU) values (4,'Fase valutazione del servizio di outsourcing ',null,null,'configuratore',null,null,null,'fase valutazione del servizio di outsourcing ');
Insert into WEST.WEST_STATO (ID_STATO,DESCRIZIONE_STATO,DATA_INSERIMENTO,DATA_AGGIORNAMENTO,UTENTE_INSERIMENTO,UTENTE_AGGIORNAMENTO,DATA_FINE_VALIDITA,DATA_INIZIO_VALIDITA,VOCE_MENU) values (5,'Fase scadenza del servizio di outsourcing ',null,null,'configuratore',null,null,null,'fase scadenza del servizio di outsourcing ');
Insert into WEST.WEST_STATO (ID_STATO,DESCRIZIONE_STATO,DATA_INSERIMENTO,DATA_AGGIORNAMENTO,UTENTE_INSERIMENTO,UTENTE_AGGIORNAMENTO,DATA_FINE_VALIDITA,DATA_INIZIO_VALIDITA,VOCE_MENU) values (6,'Estrazioni',null,null,'configuratore',null,null,null,'Estrazione');
Insert into WEST.WEST_STATO (ID_STATO,DESCRIZIONE_STATO,DATA_INSERIMENTO,DATA_AGGIORNAMENTO,UTENTE_INSERIMENTO,UTENTE_AGGIORNAMENTO,DATA_FINE_VALIDITA,DATA_INIZIO_VALIDITA,VOCE_MENU) values (-1,'home',null,null,'configuratore',null,null,null,'-');
Insert into WEST.WEST_STATO (ID_STATO,DESCRIZIONE_STATO,DATA_INSERIMENTO,DATA_AGGIORNAMENTO,UTENTE_INSERIMENTO,UTENTE_AGGIORNAMENTO,DATA_FINE_VALIDITA,DATA_INIZIO_VALIDITA,VOCE_MENU) values (11,'Lista Remind',null,null,'configuratore',null,null,null,'Lista Remind');
REM INSERTING into WEST.WEST_TASK
SET DEFINE OFF;
REM INSERTING into WEST.WEST_TIPO_CONTROLLO
SET DEFINE OFF;
Insert into WEST.WEST_TIPO_CONTROLLO (ID_TIPO_CONTROLLO,DESCRIZIONE_TIPO_CONTROLLO,DATA_INSERIMENTO,DATA_AGGIORNAMENTO,UTENTE_INSERIMENTO,UTENTE_AGGIORNAMENTO,DATA_INIZIO_VALIDITA,DATA_FINE_VALIDITA) values (2,'Controllo Generico',to_date('19-DEC-18','DD-MON-RR'),null,'Alessia',null,to_date('19-DEC-18','DD-MON-RR'),null);
Insert into WEST.WEST_TIPO_CONTROLLO (ID_TIPO_CONTROLLO,DESCRIZIONE_TIPO_CONTROLLO,DATA_INSERIMENTO,DATA_AGGIORNAMENTO,UTENTE_INSERIMENTO,UTENTE_AGGIORNAMENTO,DATA_INIZIO_VALIDITA,DATA_FINE_VALIDITA) values (1,'SLA',to_date('19-DEC-18','DD-MON-RR'),null,'Alessia',null,to_date('19-DEC-18','DD-MON-RR'),null);
REM INSERTING into WEST.WEST_TIPO_ESTERNALIZZAZIONE
SET DEFINE OFF;
Insert into WEST.WEST_TIPO_ESTERNALIZZAZIONE (ID_TIPO_ESTERNALIZZAZIONE,DESCR_TIPO_ESTERNALIZZAZIONE,DATA_INSERIMENTO,DATA_AGGIORNAMENTO,UTENTE_INSERIMENTO,UTENTE_AGGIORNAMENTO,DATA_INIZIO_VALIDITA,DATA_FINE_VALIDITA) values (1,'Funzione Fondamentale',null,null,'Alessia',null,null,null);
Insert into WEST.WEST_TIPO_ESTERNALIZZAZIONE (ID_TIPO_ESTERNALIZZAZIONE,DESCR_TIPO_ESTERNALIZZAZIONE,DATA_INSERIMENTO,DATA_AGGIORNAMENTO,UTENTE_INSERIMENTO,UTENTE_AGGIORNAMENTO,DATA_INIZIO_VALIDITA,DATA_FINE_VALIDITA) values (2,'Funzione o Attivita Essenziale ed Importante',null,null,'Alessia',null,null,null);
Insert into WEST.WEST_TIPO_ESTERNALIZZAZIONE (ID_TIPO_ESTERNALIZZAZIONE,DESCR_TIPO_ESTERNALIZZAZIONE,DATA_INSERIMENTO,DATA_AGGIORNAMENTO,UTENTE_INSERIMENTO,UTENTE_AGGIORNAMENTO,DATA_INIZIO_VALIDITA,DATA_FINE_VALIDITA) values (3,'Altre Attivita',null,null,'Alessia',null,null,null);
Insert into WEST.WEST_TIPO_ESTERNALIZZAZIONE (ID_TIPO_ESTERNALIZZAZIONE,DESCR_TIPO_ESTERNALIZZAZIONE,DATA_INSERIMENTO,DATA_AGGIORNAMENTO,UTENTE_INSERIMENTO,UTENTE_AGGIORNAMENTO,DATA_INIZIO_VALIDITA,DATA_FINE_VALIDITA) values (4,'Richiesto Supporto Dir. Legale',null,null,'Alessia',null,null,null);
REM INSERTING into WEST.WEST_TIPO_FASE
SET DEFINE OFF;
Insert into WEST.WEST_TIPO_FASE (ID_TIPO_FASE,DESC_TIPO_FASE) values (1,'Fase Inserimento');
Insert into WEST.WEST_TIPO_FASE (ID_TIPO_FASE,DESC_TIPO_FASE) values (2,'Fase Valutazione');
Insert into WEST.WEST_TIPO_FASE (ID_TIPO_FASE,DESC_TIPO_FASE) values (3,'Fase Predisposizione del contratto');
Insert into WEST.WEST_TIPO_FASE (ID_TIPO_FASE,DESC_TIPO_FASE) values (4,'Fase di valutazione del servizio di outsourcing');
Insert into WEST.WEST_TIPO_FASE (ID_TIPO_FASE,DESC_TIPO_FASE) values (5,'Fase di Scadenza del servizio di outsourcing ');
REM INSERTING into WEST.WEST_TIPO_FUNZIONE
SET DEFINE OFF;
REM INSERTING into WEST.WEST_TIPO_TASK
SET DEFINE OFF;
Insert into WEST.WEST_TIPO_TASK (ID_TIPO_TASK,TIPO_TASK,DESC_TIPO_TASK,ID_TIPO_UTENTE,OGGETTO) values (8,'IFA','INSERIMENTO FORNITORE IN ANAGRAFICA',null,'Richiesta di inserimento fornitore in anagrafica  ');
Insert into WEST.WEST_TIPO_TASK (ID_TIPO_TASK,TIPO_TASK,DESC_TIPO_TASK,ID_TIPO_UTENTE,OGGETTO) values (10,'RVBC','RICHIESTA VALUTAZIONE RISCHI BC',6,'Richiesta Valutazione Rischi a BC');
Insert into WEST.WEST_TIPO_TASK (ID_TIPO_TASK,TIPO_TASK,DESC_TIPO_TASK,ID_TIPO_UTENTE,OGGETTO) values (6,'INCIVASS','INSERIMENTO NUMEROCOMUNICAZIONE IVASS',4,'Inserimento numero comunicazione ad IVASS ');
Insert into WEST.WEST_TIPO_TASK (ID_TIPO_TASK,TIPO_TASK,DESC_TIPO_TASK,ID_TIPO_UTENTE,OGGETTO) values (2,'CO','COMUNICAZIONE OBBLIGATORIA',4,'Invio richiesta Comunicazione Obbligatoria ');
Insert into WEST.WEST_TIPO_TASK (ID_TIPO_TASK,TIPO_TASK,DESC_TIPO_TASK,ID_TIPO_UTENTE,OGGETTO) values (1,'MG','MAIL',4,'Mail Generica');
Insert into WEST.WEST_TIPO_TASK (ID_TIPO_TASK,TIPO_TASK,DESC_TIPO_TASK,ID_TIPO_UTENTE,OGGETTO) values (3,'AR','ATTESA RISPOSTA',4,'Comunicazione in Attesa di Risposta ');
Insert into WEST.WEST_TIPO_TASK (ID_TIPO_TASK,TIPO_TASK,DESC_TIPO_TASK,ID_TIPO_UTENTE,OGGETTO) values (7,'RAA','RICHIESTA AUTORIZZAZIONE RESPONSABILE',null,'Richiesta Autorizzazione Responsabile');
Insert into WEST.WEST_TIPO_TASK (ID_TIPO_TASK,TIPO_TASK,DESC_TIPO_TASK,ID_TIPO_UTENTE,OGGETTO) values (5,'LND','LETTERA NOMINA DIPENDENTE',5,'Lettera nomina del dipendente');
Insert into WEST.WEST_TIPO_TASK (ID_TIPO_TASK,TIPO_TASK,DESC_TIPO_TASK,ID_TIPO_UTENTE,OGGETTO) values (9,'RRC','RICHIESTA INSERIMENTO RESPONSABILE CONTROLLO',null,'Richiesta di inserimento informazioni al responsabile del controllo ');
Insert into WEST.WEST_TIPO_TASK (ID_TIPO_TASK,TIPO_TASK,DESC_TIPO_TASK,ID_TIPO_UTENTE,OGGETTO) values (4,'MFA','MAIL FUNZIONE ACQUISTI',7,'Comunicazione Funzione Acquisti per inserimento dati per fase predisposizione');
Insert into WEST.WEST_TIPO_TASK (ID_TIPO_TASK,TIPO_TASK,DESC_TIPO_TASK,ID_TIPO_UTENTE,OGGETTO) values (11,'RVSLA','RICHIESTA VERIFICA SLA',null,'Richiesta al Responsabile del Controllo della verifica degli Sla Contrattuali');
Insert into WEST.WEST_TIPO_TASK (ID_TIPO_TASK,TIPO_TASK,DESC_TIPO_TASK,ID_TIPO_UTENTE,OGGETTO) values (12,'RRAC','RICHIESTA RESPONSABILE AZIONE CORRETTIVA',1,'Richiesta al Responsabile dell''esternalizzazione per l''azione correttiva');
Insert into WEST.WEST_TIPO_TASK (ID_TIPO_TASK,TIPO_TASK,DESC_TIPO_TASK,ID_TIPO_UTENTE,OGGETTO) values (13,'RFAVC','RICHIESTA FUNZIONE ACQUISTI VARIAZIONE CONTRATTUALE',7,'RICHIESTA FUNZIONE ACQUISTI VARIAZIONE CONTRATTUALE');
Insert into WEST.WEST_TIPO_TASK (ID_TIPO_TASK,TIPO_TASK,DESC_TIPO_TASK,ID_TIPO_UTENTE,OGGETTO) values (14,'RFADCC','RICHIESTA FUNZIONE ACQUISTI DISDETTA CESSAZIONE CONTRATTUALE',7,'RICHIESTA FUNZIONE ACQUISTI DISDETTA CESSAZIONE CONTRATTUALE');
Insert into WEST.WEST_TIPO_TASK (ID_TIPO_TASK,TIPO_TASK,DESC_TIPO_TASK,ID_TIPO_UTENTE,OGGETTO) values (15,'RFLCIVASS','RICHIESTA FUNZIONE LEGALE COMUNICAZIONE IVASS',4,'RICHIESTA FUNZIONE LEGALE COMUNICAZIONE IVASS');
Insert into WEST.WEST_TIPO_TASK (ID_TIPO_TASK,TIPO_TASK,DESC_TIPO_TASK,ID_TIPO_UTENTE,OGGETTO) values (16,'RISCHIOSITA','RICHIESTA RISCHIOSITA',null,null);
REM INSERTING into WEST.WEST_TIPO_UTENTE
SET DEFINE OFF;
Insert into WEST.WEST_TIPO_UTENTE (ID_TIPO_UTENTE,AC_TIPO_UTENTE,DESC_TIPO_UTENTE,INDIRIZZO_EMAIL,CODICE_DIREZIONE) values (4,'FL','Funzione Legale','f.vescovi.mail@sara.it','059');
Insert into WEST.WEST_TIPO_UTENTE (ID_TIPO_UTENTE,AC_TIPO_UTENTE,DESC_TIPO_UTENTE,INDIRIZZO_EMAIL,CODICE_DIREZIONE) values (5,'FP','Funzione Personale','f.vescovi.mail@sara.it','002');
Insert into WEST.WEST_TIPO_UTENTE (ID_TIPO_UTENTE,AC_TIPO_UTENTE,DESC_TIPO_UTENTE,INDIRIZZO_EMAIL,CODICE_DIREZIONE) values (6,'BC','Business Continuity','f.vescovi.mail@sara.it',null);
Insert into WEST.WEST_TIPO_UTENTE (ID_TIPO_UTENTE,AC_TIPO_UTENTE,DESC_TIPO_UTENTE,INDIRIZZO_EMAIL,CODICE_DIREZIONE) values (7,'FA','Funzione Acquisti','f.vescovi.mail@sara.it','052');
Insert into WEST.WEST_TIPO_UTENTE (ID_TIPO_UTENTE,AC_TIPO_UTENTE,DESC_TIPO_UTENTE,INDIRIZZO_EMAIL,CODICE_DIREZIONE) values (8,'CA','Compliance','f.vescovi.mail@sara.it','057');
Insert into WEST.WEST_TIPO_UTENTE (ID_TIPO_UTENTE,AC_TIPO_UTENTE,DESC_TIPO_UTENTE,INDIRIZZO_EMAIL,CODICE_DIREZIONE) values (9,'AU','Audit','f.vescovi.mail@sara.it','008');
Insert into WEST.WEST_TIPO_UTENTE (ID_TIPO_UTENTE,AC_TIPO_UTENTE,DESC_TIPO_UTENTE,INDIRIZZO_EMAIL,CODICE_DIREZIONE) values (10,'RM','Risk Management','f.vescovi.mail@sara.it','024');
Insert into WEST.WEST_TIPO_UTENTE (ID_TIPO_UTENTE,AC_TIPO_UTENTE,DESC_TIPO_UTENTE,INDIRIZZO_EMAIL,CODICE_DIREZIONE) values (1,'RE','Responsabile Esternalizzazione (qualsiasi direzione)','f.vescovi.mail@sara.it','005');
Insert into WEST.WEST_TIPO_UTENTE (ID_TIPO_UTENTE,AC_TIPO_UTENTE,DESC_TIPO_UTENTE,INDIRIZZO_EMAIL,CODICE_DIREZIONE) values (2,'RC','Responsabile del Controllo (qualsiasi dipendente)','f.vescovi.mail@sara.it',null);
Insert into WEST.WEST_TIPO_UTENTE (ID_TIPO_UTENTE,AC_TIPO_UTENTE,DESC_TIPO_UTENTE,INDIRIZZO_EMAIL,CODICE_DIREZIONE) values (3,'UO','Utente Operativo (qualsiasi dipendente)','f.vescovi.mail@sara.it',null);
REM INSERTING into WEST.WEST_VERIFICA_CONFL_INT
SET DEFINE OFF;
Insert into WEST.WEST_VERIFICA_CONFL_INT (ID_VERIFICA_CONFL_INT,DESCR_VERIFICA_CONFL_INT,DATA_INSERIMENTO,DATA_AGGIORNAMENTO,UTENTE_INSERIMENTO,UTENTE_AGGIORNAMENTO,DATA_INIZIO_VALIDITA,DATA_FINE_VALIDITA) values (1,'Assenza conflitti',null,null,'Alessia',null,null,null);
Insert into WEST.WEST_VERIFICA_CONFL_INT (ID_VERIFICA_CONFL_INT,DESCR_VERIFICA_CONFL_INT,DATA_INSERIMENTO,DATA_AGGIORNAMENTO,UTENTE_INSERIMENTO,UTENTE_AGGIORNAMENTO,DATA_INIZIO_VALIDITA,DATA_FINE_VALIDITA) values (2,'Presenza conflitti',null,null,'Alessia',null,null,null);
--------------------------------------------------------
--  DDL for Index SYS_IL0000152736C00004$$
--------------------------------------------------------

  CREATE UNIQUE INDEX "WEST"."SYS_IL0000152736C00004$$" ON "WEST"."WEST_ALLEGATO" (
  PCTFREE 10 INITRANS 2 MAXTRANS 255 
  STORAGE(INITIAL 65536 NEXT 1048576 MINEXTENTS 1 MAXEXTENTS 2147483645
  PCTINCREASE 0 FREELISTS 1 FREELIST GROUPS 1
  BUFFER_POOL DEFAULT FLASH_CACHE DEFAULT CELL_FLASH_CACHE DEFAULT)
  TABLESPACE "USERS" 
  PARALLEL (DEGREE 0 INSTANCES 0) ;
--------------------------------------------------------
--  DDL for Index SYS_IL0000152751C00013$$
--------------------------------------------------------

  CREATE UNIQUE INDEX "WEST"."SYS_IL0000152751C00013$$" ON "WEST"."WEST_TASK" (
  PCTFREE 10 INITRANS 2 MAXTRANS 255 
  STORAGE(INITIAL 65536 NEXT 1048576 MINEXTENTS 1 MAXEXTENTS 2147483645
  PCTINCREASE 0 FREELISTS 1 FREELIST GROUPS 1
  BUFFER_POOL DEFAULT FLASH_CACHE DEFAULT CELL_FLASH_CACHE DEFAULT)
  TABLESPACE "USERS" 
  PARALLEL (DEGREE 0 INSTANCES 0) ;
--------------------------------------------------------
--  DDL for Index WEST_ALLEGATI_PK
--------------------------------------------------------

  CREATE UNIQUE INDEX "WEST"."WEST_ALLEGATI_PK" ON "WEST"."WEST_ALLEGATO" ("ID_ALLEGATO") 
  PCTFREE 10 INITRANS 2 MAXTRANS 255 COMPUTE STATISTICS 
  STORAGE(INITIAL 65536 NEXT 1048576 MINEXTENTS 1 MAXEXTENTS 2147483645
  PCTINCREASE 0 FREELISTS 1 FREELIST GROUPS 1
  BUFFER_POOL DEFAULT FLASH_CACHE DEFAULT CELL_FLASH_CACHE DEFAULT)
  TABLESPACE "USERS" ;
--------------------------------------------------------
--  DDL for Index WEST_AZIONE_CORRETTIVA_PK
--------------------------------------------------------

  CREATE UNIQUE INDEX "WEST"."WEST_AZIONE_CORRETTIVA_PK" ON "WEST"."WEST_AZIONE_CORRETTIVA" ("ID_AZIONE_CORRETTIVA") 
  PCTFREE 10 INITRANS 2 MAXTRANS 255 COMPUTE STATISTICS 
  STORAGE(INITIAL 65536 NEXT 1048576 MINEXTENTS 1 MAXEXTENTS 2147483645
  PCTINCREASE 0 FREELISTS 1 FREELIST GROUPS 1
  BUFFER_POOL DEFAULT FLASH_CACHE DEFAULT CELL_FLASH_CACHE DEFAULT)
  TABLESPACE "USERS" ;
--------------------------------------------------------
--  DDL for Index WEST_BENEFICIO_CONSEGUIBIL_PK
--------------------------------------------------------

  CREATE UNIQUE INDEX "WEST"."WEST_BENEFICIO_CONSEGUIBIL_PK" ON "WEST"."WEST_BENEFICIO_CONSEGUIBILE" ("ID_BENEFICIO_CONSEGUIBILE") 
  PCTFREE 10 INITRANS 2 MAXTRANS 255 COMPUTE STATISTICS 
  STORAGE(INITIAL 65536 NEXT 1048576 MINEXTENTS 1 MAXEXTENTS 2147483645
  PCTINCREASE 0 FREELISTS 1 FREELIST GROUPS 1
  BUFFER_POOL DEFAULT FLASH_CACHE DEFAULT CELL_FLASH_CACHE DEFAULT)
  TABLESPACE "USERS" ;
--------------------------------------------------------
--  DDL for Index WEST_CONTROLLO_OPERATIVI_PK
--------------------------------------------------------

  CREATE UNIQUE INDEX "WEST"."WEST_CONTROLLO_OPERATIVI_PK" ON "WEST"."WEST_CONTROLLO_OPERATIVI" ("ID_CONT_OP") 
  PCTFREE 10 INITRANS 2 MAXTRANS 255 COMPUTE STATISTICS 
  STORAGE(INITIAL 65536 NEXT 1048576 MINEXTENTS 1 MAXEXTENTS 2147483645
  PCTINCREASE 0 FREELISTS 1 FREELIST GROUPS 1
  BUFFER_POOL DEFAULT FLASH_CACHE DEFAULT CELL_FLASH_CACHE DEFAULT)
  TABLESPACE "USERS" ;
--------------------------------------------------------
--  DDL for Index WEST_ESITO_CONTROLLO_PK
--------------------------------------------------------

  CREATE UNIQUE INDEX "WEST"."WEST_ESITO_CONTROLLO_PK" ON "WEST"."WEST_ESITO_CONTROLLO" ("ID_ESITO_CONTROLLO") 
  PCTFREE 10 INITRANS 2 MAXTRANS 255 COMPUTE STATISTICS 
  STORAGE(INITIAL 65536 NEXT 1048576 MINEXTENTS 1 MAXEXTENTS 2147483645
  PCTINCREASE 0 FREELISTS 1 FREELIST GROUPS 1
  BUFFER_POOL DEFAULT FLASH_CACHE DEFAULT CELL_FLASH_CACHE DEFAULT)
  TABLESPACE "USERS" ;
--------------------------------------------------------
--  DDL for Index WEST_ESTERNALIZZAZIONE_PK
--------------------------------------------------------

  CREATE UNIQUE INDEX "WEST"."WEST_ESTERNALIZZAZIONE_PK" ON "WEST"."WEST_ESTERNALIZZAZIONE" ("ID_ESTERNALIZZAZIONE") 
  PCTFREE 10 INITRANS 2 MAXTRANS 255 COMPUTE STATISTICS 
  STORAGE(INITIAL 65536 NEXT 1048576 MINEXTENTS 1 MAXEXTENTS 2147483645
  PCTINCREASE 0 FREELISTS 1 FREELIST GROUPS 1
  BUFFER_POOL DEFAULT FLASH_CACHE DEFAULT CELL_FLASH_CACHE DEFAULT)
  TABLESPACE "USERS" ;
--------------------------------------------------------
--  DDL for Index WEST_FASE_ESTERNALIZZAZION_PK
--------------------------------------------------------

  CREATE UNIQUE INDEX "WEST"."WEST_FASE_ESTERNALIZZAZION_PK" ON "WEST"."WEST_FASE_ESTERNALIZZAZIONE" ("ID_FASE_ESTERNALIZZAZIONE") 
  PCTFREE 10 INITRANS 2 MAXTRANS 255 COMPUTE STATISTICS 
  TABLESPACE "USERS" ;
--------------------------------------------------------
--  DDL for Index WEST_PERIODICITA_PK
--------------------------------------------------------

  CREATE UNIQUE INDEX "WEST"."WEST_PERIODICITA_PK" ON "WEST"."WEST_PERIODICITA" ("ID_PERIODICITA") 
  PCTFREE 10 INITRANS 2 MAXTRANS 255 COMPUTE STATISTICS 
  STORAGE(INITIAL 65536 NEXT 1048576 MINEXTENTS 1 MAXEXTENTS 2147483645
  PCTINCREASE 0 FREELISTS 1 FREELIST GROUPS 1
  BUFFER_POOL DEFAULT FLASH_CACHE DEFAULT CELL_FLASH_CACHE DEFAULT)
  TABLESPACE "USERS" ;
--------------------------------------------------------
--  DDL for Index WEST_PIANO_REINTERNALIZZAZ_PK
--------------------------------------------------------

  CREATE UNIQUE INDEX "WEST"."WEST_PIANO_REINTERNALIZZAZ_PK" ON "WEST"."WEST_PIANO_REINTERNALIZZAZIONE" ("ID_PIANO_REINTERNALIZZAZIONE") 
  PCTFREE 10 INITRANS 2 MAXTRANS 255 COMPUTE STATISTICS 
  STORAGE(INITIAL 65536 NEXT 1048576 MINEXTENTS 1 MAXEXTENTS 2147483645
  PCTINCREASE 0 FREELISTS 1 FREELIST GROUPS 1
  BUFFER_POOL DEFAULT FLASH_CACHE DEFAULT CELL_FLASH_CACHE DEFAULT)
  TABLESPACE "USERS" ;
--------------------------------------------------------
--  DDL for Index WEST_REMIND_PK
--------------------------------------------------------

  CREATE UNIQUE INDEX "WEST"."WEST_REMIND_PK" ON "WEST"."WEST_REMIND" ("ID_REMIND") 
  PCTFREE 10 INITRANS 2 MAXTRANS 255 COMPUTE STATISTICS 
  STORAGE(INITIAL 65536 NEXT 1048576 MINEXTENTS 1 MAXEXTENTS 2147483645
  PCTINCREASE 0 FREELISTS 1 FREELIST GROUPS 1
  BUFFER_POOL DEFAULT FLASH_CACHE DEFAULT CELL_FLASH_CACHE DEFAULT)
  TABLESPACE "USERS" ;
--------------------------------------------------------
--  DDL for Index WEST_RISCHIOSITA_EST_PK
--------------------------------------------------------

  CREATE UNIQUE INDEX "WEST"."WEST_RISCHIOSITA_EST_PK" ON "WEST"."WEST_RISCHIOSITA_EST" ("ID_RISCHIOSITA_EST") 
  PCTFREE 10 INITRANS 2 MAXTRANS 255 COMPUTE STATISTICS 
  STORAGE(INITIAL 65536 NEXT 1048576 MINEXTENTS 1 MAXEXTENTS 2147483645
  PCTINCREASE 0 FREELISTS 1 FREELIST GROUPS 1
  BUFFER_POOL DEFAULT FLASH_CACHE DEFAULT CELL_FLASH_CACHE DEFAULT)
  TABLESPACE "USERS" ;
--------------------------------------------------------
--  DDL for Index WEST_RISCHI_BC_PK
--------------------------------------------------------

  CREATE UNIQUE INDEX "WEST"."WEST_RISCHI_BC_PK" ON "WEST"."WEST_RISCHI_BC" ("ID_RISCHI_BC") 
  PCTFREE 10 INITRANS 2 MAXTRANS 255 COMPUTE STATISTICS 
  STORAGE(INITIAL 65536 NEXT 1048576 MINEXTENTS 1 MAXEXTENTS 2147483645
  PCTINCREASE 0 FREELISTS 1 FREELIST GROUPS 1
  BUFFER_POOL DEFAULT FLASH_CACHE DEFAULT CELL_FLASH_CACHE DEFAULT)
  TABLESPACE "USERS" ;
--------------------------------------------------------
--  DDL for Index WEST_STATO_PK
--------------------------------------------------------

  CREATE UNIQUE INDEX "WEST"."WEST_STATO_PK" ON "WEST"."WEST_STATO" ("ID_STATO") 
  PCTFREE 10 INITRANS 2 MAXTRANS 255 COMPUTE STATISTICS 
  STORAGE(INITIAL 65536 NEXT 1048576 MINEXTENTS 1 MAXEXTENTS 2147483645
  PCTINCREASE 0 FREELISTS 1 FREELIST GROUPS 1
  BUFFER_POOL DEFAULT FLASH_CACHE DEFAULT CELL_FLASH_CACHE DEFAULT)
  TABLESPACE "USERS" ;
--------------------------------------------------------
--  DDL for Index WEST_TASK_PROG_LAV_TASK_INDEX
--------------------------------------------------------

  CREATE UNIQUE INDEX "WEST"."WEST_TASK_PROG_LAV_TASK_INDEX" ON "WEST"."WEST_TASK" ("PROG_LAV_TASK") 
  PCTFREE 10 INITRANS 2 MAXTRANS 255 COMPUTE STATISTICS 
  STORAGE(INITIAL 65536 NEXT 1048576 MINEXTENTS 1 MAXEXTENTS 2147483645
  PCTINCREASE 0 FREELISTS 1 FREELIST GROUPS 1
  BUFFER_POOL DEFAULT FLASH_CACHE DEFAULT CELL_FLASH_CACHE DEFAULT)
  TABLESPACE "USERS" ;
--------------------------------------------------------
--  DDL for Index WEST_TASK_UNIQUE_INDEX
--------------------------------------------------------

  CREATE UNIQUE INDEX "WEST"."WEST_TASK_UNIQUE_INDEX" ON "WEST"."WEST_TASK" ("ID_TASK") 
  PCTFREE 10 INITRANS 2 MAXTRANS 255 COMPUTE STATISTICS 
  STORAGE(INITIAL 65536 NEXT 1048576 MINEXTENTS 1 MAXEXTENTS 2147483645
  PCTINCREASE 0 FREELISTS 1 FREELIST GROUPS 1
  BUFFER_POOL DEFAULT FLASH_CACHE DEFAULT CELL_FLASH_CACHE DEFAULT)
  TABLESPACE "USERS" ;
--------------------------------------------------------
--  DDL for Index WEST_TIPO_CONTROLLO_PK
--------------------------------------------------------

  CREATE UNIQUE INDEX "WEST"."WEST_TIPO_CONTROLLO_PK" ON "WEST"."WEST_TIPO_CONTROLLO" ("ID_TIPO_CONTROLLO") 
  PCTFREE 10 INITRANS 2 MAXTRANS 255 COMPUTE STATISTICS 
  STORAGE(INITIAL 65536 NEXT 1048576 MINEXTENTS 1 MAXEXTENTS 2147483645
  PCTINCREASE 0 FREELISTS 1 FREELIST GROUPS 1
  BUFFER_POOL DEFAULT FLASH_CACHE DEFAULT CELL_FLASH_CACHE DEFAULT)
  TABLESPACE "USERS" ;
--------------------------------------------------------
--  DDL for Index WEST_TIPO_ESTERNALIZZAZION_PK
--------------------------------------------------------

  CREATE UNIQUE INDEX "WEST"."WEST_TIPO_ESTERNALIZZAZION_PK" ON "WEST"."WEST_TIPO_ESTERNALIZZAZIONE" ("ID_TIPO_ESTERNALIZZAZIONE") 
  PCTFREE 10 INITRANS 2 MAXTRANS 255 COMPUTE STATISTICS 
  STORAGE(INITIAL 65536 NEXT 1048576 MINEXTENTS 1 MAXEXTENTS 2147483645
  PCTINCREASE 0 FREELISTS 1 FREELIST GROUPS 1
  BUFFER_POOL DEFAULT FLASH_CACHE DEFAULT CELL_FLASH_CACHE DEFAULT)
  TABLESPACE "USERS" ;
--------------------------------------------------------
--  DDL for Index WEST_TIPO_FASE_PK
--------------------------------------------------------

  CREATE UNIQUE INDEX "WEST"."WEST_TIPO_FASE_PK" ON "WEST"."WEST_TIPO_FASE" ("ID_TIPO_FASE") 
  PCTFREE 10 INITRANS 2 MAXTRANS 255 COMPUTE STATISTICS 
  STORAGE(INITIAL 65536 NEXT 1048576 MINEXTENTS 1 MAXEXTENTS 2147483645
  PCTINCREASE 0 FREELISTS 1 FREELIST GROUPS 1
  BUFFER_POOL DEFAULT FLASH_CACHE DEFAULT CELL_FLASH_CACHE DEFAULT)
  TABLESPACE "USERS" ;
--------------------------------------------------------
--  DDL for Index WEST_TIPO_TASK_PK
--------------------------------------------------------

  CREATE UNIQUE INDEX "WEST"."WEST_TIPO_TASK_PK" ON "WEST"."WEST_TIPO_TASK" ("ID_TIPO_TASK") 
  PCTFREE 10 INITRANS 2 MAXTRANS 255 COMPUTE STATISTICS 
  STORAGE(INITIAL 65536 NEXT 1048576 MINEXTENTS 1 MAXEXTENTS 2147483645
  PCTINCREASE 0 FREELISTS 1 FREELIST GROUPS 1
  BUFFER_POOL DEFAULT FLASH_CACHE DEFAULT CELL_FLASH_CACHE DEFAULT)
  TABLESPACE "USERS" ;
--------------------------------------------------------
--  DDL for Index WEST_UTENTE_PK
--------------------------------------------------------

  CREATE UNIQUE INDEX "WEST"."WEST_UTENTE_PK" ON "WEST"."WEST_TIPO_UTENTE" ("ID_TIPO_UTENTE") 
  PCTFREE 10 INITRANS 2 MAXTRANS 255 COMPUTE STATISTICS 
  STORAGE(INITIAL 65536 NEXT 1048576 MINEXTENTS 1 MAXEXTENTS 2147483645
  PCTINCREASE 0 FREELISTS 1 FREELIST GROUPS 1
  BUFFER_POOL DEFAULT FLASH_CACHE DEFAULT CELL_FLASH_CACHE DEFAULT)
  TABLESPACE "USERS" ;
--------------------------------------------------------
--  DDL for Index WEST_VERIFICA_CONFL_INT_PK
--------------------------------------------------------

  CREATE UNIQUE INDEX "WEST"."WEST_VERIFICA_CONFL_INT_PK" ON "WEST"."WEST_VERIFICA_CONFL_INT" ("ID_VERIFICA_CONFL_INT") 
  PCTFREE 10 INITRANS 2 MAXTRANS 255 COMPUTE STATISTICS 
  STORAGE(INITIAL 65536 NEXT 1048576 MINEXTENTS 1 MAXEXTENTS 2147483645
  PCTINCREASE 0 FREELISTS 1 FREELIST GROUPS 1
  BUFFER_POOL DEFAULT FLASH_CACHE DEFAULT CELL_FLASH_CACHE DEFAULT)
  TABLESPACE "USERS" ;
--------------------------------------------------------
--  Constraints for Table WEST_ALLEGATO
--------------------------------------------------------

  ALTER TABLE "WEST"."WEST_ALLEGATO" MODIFY ("ID_ALLEGATO" NOT NULL ENABLE);
  ALTER TABLE "WEST"."WEST_ALLEGATO" ADD CONSTRAINT "WEST_ALLEGATI_PK" PRIMARY KEY ("ID_ALLEGATO")
  USING INDEX PCTFREE 10 INITRANS 2 MAXTRANS 255 COMPUTE STATISTICS 
  STORAGE(INITIAL 65536 NEXT 1048576 MINEXTENTS 1 MAXEXTENTS 2147483645
  PCTINCREASE 0 FREELISTS 1 FREELIST GROUPS 1
  BUFFER_POOL DEFAULT FLASH_CACHE DEFAULT CELL_FLASH_CACHE DEFAULT)
  TABLESPACE "USERS"  ENABLE;
--------------------------------------------------------
--  Constraints for Table WEST_AZIONE_CORRETTIVA
--------------------------------------------------------

  ALTER TABLE "WEST"."WEST_AZIONE_CORRETTIVA" MODIFY ("ID_AZIONE_CORRETTIVA" NOT NULL ENABLE);
  ALTER TABLE "WEST"."WEST_AZIONE_CORRETTIVA" ADD CONSTRAINT "WEST_AZIONE_CORRETTIVA_PK" PRIMARY KEY ("ID_AZIONE_CORRETTIVA")
  USING INDEX PCTFREE 10 INITRANS 2 MAXTRANS 255 COMPUTE STATISTICS 
  STORAGE(INITIAL 65536 NEXT 1048576 MINEXTENTS 1 MAXEXTENTS 2147483645
  PCTINCREASE 0 FREELISTS 1 FREELIST GROUPS 1
  BUFFER_POOL DEFAULT FLASH_CACHE DEFAULT CELL_FLASH_CACHE DEFAULT)
  TABLESPACE "USERS"  ENABLE;
  ALTER TABLE "WEST"."WEST_AZIONE_CORRETTIVA" MODIFY ("DESCRIZIONE_AZIONE_CORRETTIVA" NOT NULL ENABLE);
  ALTER TABLE "WEST"."WEST_AZIONE_CORRETTIVA" MODIFY ("UTENTE_INSERIMENTO" NOT NULL ENABLE);
--------------------------------------------------------
--  Constraints for Table WEST_BENEFICIO_CONSEGUIBILE
--------------------------------------------------------

  ALTER TABLE "WEST"."WEST_BENEFICIO_CONSEGUIBILE" MODIFY ("ID_BENEFICIO_CONSEGUIBILE" NOT NULL ENABLE);
  ALTER TABLE "WEST"."WEST_BENEFICIO_CONSEGUIBILE" MODIFY ("DESCRIZIONE_BENEFICIO_CONS" NOT NULL ENABLE);
  ALTER TABLE "WEST"."WEST_BENEFICIO_CONSEGUIBILE" MODIFY ("UTENTE_INSERIMENTO" NOT NULL ENABLE);
  ALTER TABLE "WEST"."WEST_BENEFICIO_CONSEGUIBILE" ADD CONSTRAINT "WEST_BENEFICIO_CONSEGUIBIL_PK" PRIMARY KEY ("ID_BENEFICIO_CONSEGUIBILE")
  USING INDEX PCTFREE 10 INITRANS 2 MAXTRANS 255 COMPUTE STATISTICS 
  STORAGE(INITIAL 65536 NEXT 1048576 MINEXTENTS 1 MAXEXTENTS 2147483645
  PCTINCREASE 0 FREELISTS 1 FREELIST GROUPS 1
  BUFFER_POOL DEFAULT FLASH_CACHE DEFAULT CELL_FLASH_CACHE DEFAULT)
  TABLESPACE "USERS"  ENABLE;
--------------------------------------------------------
--  Constraints for Table WEST_CONTROLLO_OPERATIVI
--------------------------------------------------------

  ALTER TABLE "WEST"."WEST_CONTROLLO_OPERATIVI" MODIFY ("ID_CONT_OP" NOT NULL ENABLE);
  ALTER TABLE "WEST"."WEST_CONTROLLO_OPERATIVI" MODIFY ("NOME" NOT NULL ENABLE);
  ALTER TABLE "WEST"."WEST_CONTROLLO_OPERATIVI" MODIFY ("COGNOME" NOT NULL ENABLE);
  ALTER TABLE "WEST"."WEST_CONTROLLO_OPERATIVI" MODIFY ("REGISTRAZIONE" NOT NULL ENABLE);
  ALTER TABLE "WEST"."WEST_CONTROLLO_OPERATIVI" MODIFY ("CONTROLLO" NOT NULL ENABLE);
  ALTER TABLE "WEST"."WEST_CONTROLLO_OPERATIVI" MODIFY ("OPERATIVO" NOT NULL ENABLE);
  ALTER TABLE "WEST"."WEST_CONTROLLO_OPERATIVI" ADD CONSTRAINT "WEST_CONTROLLO_OPERATIVI_PK" PRIMARY KEY ("ID_CONT_OP")
  USING INDEX PCTFREE 10 INITRANS 2 MAXTRANS 255 COMPUTE STATISTICS 
  STORAGE(INITIAL 65536 NEXT 1048576 MINEXTENTS 1 MAXEXTENTS 2147483645
  PCTINCREASE 0 FREELISTS 1 FREELIST GROUPS 1
  BUFFER_POOL DEFAULT FLASH_CACHE DEFAULT CELL_FLASH_CACHE DEFAULT)
  TABLESPACE "USERS"  ENABLE;
  ALTER TABLE "WEST"."WEST_CONTROLLO_OPERATIVI" MODIFY ("ID_ESTERNALIZZAZIONE" NOT NULL ENABLE);
--------------------------------------------------------
--  Constraints for Table WEST_ESITO_CONTROLLO
--------------------------------------------------------

  ALTER TABLE "WEST"."WEST_ESITO_CONTROLLO" MODIFY ("ID_ESITO_CONTROLLO" NOT NULL ENABLE);
  ALTER TABLE "WEST"."WEST_ESITO_CONTROLLO" MODIFY ("DESCRIZIONE_ESITO_CONTROLLO" NOT NULL ENABLE);
  ALTER TABLE "WEST"."WEST_ESITO_CONTROLLO" MODIFY ("DATA_INSERIMENTO" NOT NULL ENABLE);
  ALTER TABLE "WEST"."WEST_ESITO_CONTROLLO" MODIFY ("UTENTE_INSERIMENTO" NOT NULL ENABLE);
  ALTER TABLE "WEST"."WEST_ESITO_CONTROLLO" MODIFY ("DATA_INIZIO_VALIDITA" NOT NULL ENABLE);
  ALTER TABLE "WEST"."WEST_ESITO_CONTROLLO" ADD CONSTRAINT "WEST_ESITO_CONTROLLO_PK" PRIMARY KEY ("ID_ESITO_CONTROLLO")
  USING INDEX PCTFREE 10 INITRANS 2 MAXTRANS 255 COMPUTE STATISTICS 
  STORAGE(INITIAL 65536 NEXT 1048576 MINEXTENTS 1 MAXEXTENTS 2147483645
  PCTINCREASE 0 FREELISTS 1 FREELIST GROUPS 1
  BUFFER_POOL DEFAULT FLASH_CACHE DEFAULT CELL_FLASH_CACHE DEFAULT)
  TABLESPACE "USERS"  ENABLE;
--------------------------------------------------------
--  Constraints for Table WEST_ESTERNALIZZAZIONE
--------------------------------------------------------

  ALTER TABLE "WEST"."WEST_ESTERNALIZZAZIONE" MODIFY ("ID_ESTERNALIZZAZIONE" NOT NULL ENABLE);
  ALTER TABLE "WEST"."WEST_ESTERNALIZZAZIONE" MODIFY ("DATA_CREAZIONE_EST" NOT NULL ENABLE);
  ALTER TABLE "WEST"."WEST_ESTERNALIZZAZIONE" MODIFY ("COMPILATA_DA" NOT NULL ENABLE);
  ALTER TABLE "WEST"."WEST_ESTERNALIZZAZIONE" MODIFY ("TITOLO_ESTERNALIZZAZIONE" NOT NULL ENABLE);
  ALTER TABLE "WEST"."WEST_ESTERNALIZZAZIONE" MODIFY ("ID_TIPO_ESTERNALIZZAZIONE" NOT NULL ENABLE);
  ALTER TABLE "WEST"."WEST_ESTERNALIZZAZIONE" ADD CONSTRAINT "WEST_ESTERNALIZZAZIONE_PK" PRIMARY KEY ("ID_ESTERNALIZZAZIONE")
  USING INDEX PCTFREE 10 INITRANS 2 MAXTRANS 255 COMPUTE STATISTICS 
  STORAGE(INITIAL 65536 NEXT 1048576 MINEXTENTS 1 MAXEXTENTS 2147483645
  PCTINCREASE 0 FREELISTS 1 FREELIST GROUPS 1
  BUFFER_POOL DEFAULT FLASH_CACHE DEFAULT CELL_FLASH_CACHE DEFAULT)
  TABLESPACE "USERS"  ENABLE;
  ALTER TABLE "WEST"."WEST_ESTERNALIZZAZIONE" MODIFY ("ID_STATO" NOT NULL ENABLE);
  ALTER TABLE "WEST"."WEST_ESTERNALIZZAZIONE" MODIFY ("CODICE_DIREZIONE" NOT NULL ENABLE);
--------------------------------------------------------
--  Constraints for Table WEST_FASE_ESTERNALIZZAZIONE
--------------------------------------------------------

  ALTER TABLE "WEST"."WEST_FASE_ESTERNALIZZAZIONE" MODIFY ("ID_FASE_ESTERNALIZZAZIONE" NOT NULL ENABLE);
  ALTER TABLE "WEST"."WEST_FASE_ESTERNALIZZAZIONE" MODIFY ("ID_ESTERNALIZZAZIONE" NOT NULL ENABLE);
  ALTER TABLE "WEST"."WEST_FASE_ESTERNALIZZAZIONE" ADD CONSTRAINT "WEST_FASE_ESTERNALIZZAZION_PK" PRIMARY KEY ("ID_FASE_ESTERNALIZZAZIONE")
  USING INDEX PCTFREE 10 INITRANS 2 MAXTRANS 255 COMPUTE STATISTICS 
  TABLESPACE "USERS"  ENABLE;
--------------------------------------------------------
--  Constraints for Table WEST_PERIODICITA
--------------------------------------------------------

  ALTER TABLE "WEST"."WEST_PERIODICITA" MODIFY ("ID_PERIODICITA" NOT NULL ENABLE);
  ALTER TABLE "WEST"."WEST_PERIODICITA" MODIFY ("DESCRIZIONE_PRIODICITA" NOT NULL ENABLE);
  ALTER TABLE "WEST"."WEST_PERIODICITA" MODIFY ("UTENTE_INSERIMENTO" NOT NULL ENABLE);
  ALTER TABLE "WEST"."WEST_PERIODICITA" ADD CONSTRAINT "WEST_PERIODICITA_PK" PRIMARY KEY ("ID_PERIODICITA")
  USING INDEX PCTFREE 10 INITRANS 2 MAXTRANS 255 COMPUTE STATISTICS 
  STORAGE(INITIAL 65536 NEXT 1048576 MINEXTENTS 1 MAXEXTENTS 2147483645
  PCTINCREASE 0 FREELISTS 1 FREELIST GROUPS 1
  BUFFER_POOL DEFAULT FLASH_CACHE DEFAULT CELL_FLASH_CACHE DEFAULT)
  TABLESPACE "USERS"  ENABLE;
--------------------------------------------------------
--  Constraints for Table WEST_PIANO_REINTERNALIZZAZIONE
--------------------------------------------------------

  ALTER TABLE "WEST"."WEST_PIANO_REINTERNALIZZAZIONE" MODIFY ("ID_PIANO_REINTERNALIZZAZIONE" NOT NULL ENABLE);
  ALTER TABLE "WEST"."WEST_PIANO_REINTERNALIZZAZIONE" MODIFY ("DESCRIZIONE_PIANO_REINT" NOT NULL ENABLE);
  ALTER TABLE "WEST"."WEST_PIANO_REINTERNALIZZAZIONE" MODIFY ("DATA_INSERIMENTO" NOT NULL ENABLE);
  ALTER TABLE "WEST"."WEST_PIANO_REINTERNALIZZAZIONE" MODIFY ("UTENTE_INSERIMENTO" NOT NULL ENABLE);
  ALTER TABLE "WEST"."WEST_PIANO_REINTERNALIZZAZIONE" MODIFY ("DATA_INIZIO_VALIDITA" NOT NULL ENABLE);
  ALTER TABLE "WEST"."WEST_PIANO_REINTERNALIZZAZIONE" ADD CONSTRAINT "WEST_PIANO_REINTERNALIZZAZ_PK" PRIMARY KEY ("ID_PIANO_REINTERNALIZZAZIONE")
  USING INDEX PCTFREE 10 INITRANS 2 MAXTRANS 255 COMPUTE STATISTICS 
  STORAGE(INITIAL 65536 NEXT 1048576 MINEXTENTS 1 MAXEXTENTS 2147483645
  PCTINCREASE 0 FREELISTS 1 FREELIST GROUPS 1
  BUFFER_POOL DEFAULT FLASH_CACHE DEFAULT CELL_FLASH_CACHE DEFAULT)
  TABLESPACE "USERS"  ENABLE;
--------------------------------------------------------
--  Constraints for Table WEST_REMIND
--------------------------------------------------------

  ALTER TABLE "WEST"."WEST_REMIND" MODIFY ("ID_REMIND" NOT NULL ENABLE);
  ALTER TABLE "WEST"."WEST_REMIND" ADD CONSTRAINT "WEST_REMIND_PK" PRIMARY KEY ("ID_REMIND")
  USING INDEX PCTFREE 10 INITRANS 2 MAXTRANS 255 COMPUTE STATISTICS 
  STORAGE(INITIAL 65536 NEXT 1048576 MINEXTENTS 1 MAXEXTENTS 2147483645
  PCTINCREASE 0 FREELISTS 1 FREELIST GROUPS 1
  BUFFER_POOL DEFAULT FLASH_CACHE DEFAULT CELL_FLASH_CACHE DEFAULT)
  TABLESPACE "USERS"  ENABLE;
--------------------------------------------------------
--  Constraints for Table WEST_RISCHIOSITA_EST
--------------------------------------------------------

  ALTER TABLE "WEST"."WEST_RISCHIOSITA_EST" MODIFY ("ID_RISCHIOSITA_EST" NOT NULL ENABLE);
  ALTER TABLE "WEST"."WEST_RISCHIOSITA_EST" MODIFY ("DESCRIZIONE_RISCHIOSITA_EST" NOT NULL ENABLE);
  ALTER TABLE "WEST"."WEST_RISCHIOSITA_EST" MODIFY ("UTENTE_INSERIMENTO" NOT NULL ENABLE);
  ALTER TABLE "WEST"."WEST_RISCHIOSITA_EST" ADD CONSTRAINT "WEST_RISCHIOSITA_EST_PK" PRIMARY KEY ("ID_RISCHIOSITA_EST")
  USING INDEX PCTFREE 10 INITRANS 2 MAXTRANS 255 COMPUTE STATISTICS 
  STORAGE(INITIAL 65536 NEXT 1048576 MINEXTENTS 1 MAXEXTENTS 2147483645
  PCTINCREASE 0 FREELISTS 1 FREELIST GROUPS 1
  BUFFER_POOL DEFAULT FLASH_CACHE DEFAULT CELL_FLASH_CACHE DEFAULT)
  TABLESPACE "USERS"  ENABLE;
--------------------------------------------------------
--  Constraints for Table WEST_RISCHI_BC
--------------------------------------------------------

  ALTER TABLE "WEST"."WEST_RISCHI_BC" MODIFY ("ID_RISCHI_BC" NOT NULL ENABLE);
  ALTER TABLE "WEST"."WEST_RISCHI_BC" MODIFY ("DESCRIZIONE_RISCHI_BC" NOT NULL ENABLE);
  ALTER TABLE "WEST"."WEST_RISCHI_BC" MODIFY ("UTENTE_INSERIMENTO" NOT NULL ENABLE);
  ALTER TABLE "WEST"."WEST_RISCHI_BC" ADD CONSTRAINT "WEST_RISCHI_BC_PK" PRIMARY KEY ("ID_RISCHI_BC")
  USING INDEX PCTFREE 10 INITRANS 2 MAXTRANS 255 COMPUTE STATISTICS 
  STORAGE(INITIAL 65536 NEXT 1048576 MINEXTENTS 1 MAXEXTENTS 2147483645
  PCTINCREASE 0 FREELISTS 1 FREELIST GROUPS 1
  BUFFER_POOL DEFAULT FLASH_CACHE DEFAULT CELL_FLASH_CACHE DEFAULT)
  TABLESPACE "USERS"  ENABLE;
--------------------------------------------------------
--  Constraints for Table WEST_STATO
--------------------------------------------------------

  ALTER TABLE "WEST"."WEST_STATO" MODIFY ("UTENTE_INSERIMENTO" NOT NULL ENABLE);
  ALTER TABLE "WEST"."WEST_STATO" MODIFY ("ID_STATO" NOT NULL ENABLE);
  ALTER TABLE "WEST"."WEST_STATO" ADD CONSTRAINT "WEST_STATO_PK" PRIMARY KEY ("ID_STATO")
  USING INDEX PCTFREE 10 INITRANS 2 MAXTRANS 255 COMPUTE STATISTICS 
  STORAGE(INITIAL 65536 NEXT 1048576 MINEXTENTS 1 MAXEXTENTS 2147483645
  PCTINCREASE 0 FREELISTS 1 FREELIST GROUPS 1
  BUFFER_POOL DEFAULT FLASH_CACHE DEFAULT CELL_FLASH_CACHE DEFAULT)
  TABLESPACE "USERS"  ENABLE;
--------------------------------------------------------
--  Constraints for Table WEST_TASK
--------------------------------------------------------

  ALTER TABLE "WEST"."WEST_TASK" MODIFY ("ID_TASK" NOT NULL ENABLE);
  ALTER TABLE "WEST"."WEST_TASK" MODIFY ("PROG_LAV_TASK" NOT NULL ENABLE);
  ALTER TABLE "WEST"."WEST_TASK" MODIFY ("ID_ESTERNALIZZAZIONE" NOT NULL ENABLE);
--------------------------------------------------------
--  Constraints for Table WEST_TIPO_CONTROLLO
--------------------------------------------------------

  ALTER TABLE "WEST"."WEST_TIPO_CONTROLLO" MODIFY ("ID_TIPO_CONTROLLO" NOT NULL ENABLE);
  ALTER TABLE "WEST"."WEST_TIPO_CONTROLLO" MODIFY ("DESCRIZIONE_TIPO_CONTROLLO" NOT NULL ENABLE);
  ALTER TABLE "WEST"."WEST_TIPO_CONTROLLO" MODIFY ("DATA_INSERIMENTO" NOT NULL ENABLE);
  ALTER TABLE "WEST"."WEST_TIPO_CONTROLLO" MODIFY ("UTENTE_INSERIMENTO" NOT NULL ENABLE);
  ALTER TABLE "WEST"."WEST_TIPO_CONTROLLO" MODIFY ("DATA_INIZIO_VALIDITA" NOT NULL ENABLE);
  ALTER TABLE "WEST"."WEST_TIPO_CONTROLLO" ADD CONSTRAINT "WEST_TIPO_CONTROLLO_PK" PRIMARY KEY ("ID_TIPO_CONTROLLO")
  USING INDEX PCTFREE 10 INITRANS 2 MAXTRANS 255 COMPUTE STATISTICS 
  STORAGE(INITIAL 65536 NEXT 1048576 MINEXTENTS 1 MAXEXTENTS 2147483645
  PCTINCREASE 0 FREELISTS 1 FREELIST GROUPS 1
  BUFFER_POOL DEFAULT FLASH_CACHE DEFAULT CELL_FLASH_CACHE DEFAULT)
  TABLESPACE "USERS"  ENABLE;
--------------------------------------------------------
--  Constraints for Table WEST_TIPO_ESTERNALIZZAZIONE
--------------------------------------------------------

  ALTER TABLE "WEST"."WEST_TIPO_ESTERNALIZZAZIONE" MODIFY ("ID_TIPO_ESTERNALIZZAZIONE" NOT NULL ENABLE);
  ALTER TABLE "WEST"."WEST_TIPO_ESTERNALIZZAZIONE" MODIFY ("DESCR_TIPO_ESTERNALIZZAZIONE" NOT NULL ENABLE);
  ALTER TABLE "WEST"."WEST_TIPO_ESTERNALIZZAZIONE" MODIFY ("UTENTE_INSERIMENTO" NOT NULL ENABLE);
  ALTER TABLE "WEST"."WEST_TIPO_ESTERNALIZZAZIONE" ADD CONSTRAINT "WEST_TIPO_ESTERNALIZZAZION_PK" PRIMARY KEY ("ID_TIPO_ESTERNALIZZAZIONE")
  USING INDEX PCTFREE 10 INITRANS 2 MAXTRANS 255 COMPUTE STATISTICS 
  STORAGE(INITIAL 65536 NEXT 1048576 MINEXTENTS 1 MAXEXTENTS 2147483645
  PCTINCREASE 0 FREELISTS 1 FREELIST GROUPS 1
  BUFFER_POOL DEFAULT FLASH_CACHE DEFAULT CELL_FLASH_CACHE DEFAULT)
  TABLESPACE "USERS"  ENABLE;
--------------------------------------------------------
--  Constraints for Table WEST_TIPO_FASE
--------------------------------------------------------

  ALTER TABLE "WEST"."WEST_TIPO_FASE" MODIFY ("ID_TIPO_FASE" NOT NULL ENABLE);
  ALTER TABLE "WEST"."WEST_TIPO_FASE" ADD CONSTRAINT "WEST_TIPO_FASE_PK" PRIMARY KEY ("ID_TIPO_FASE")
  USING INDEX PCTFREE 10 INITRANS 2 MAXTRANS 255 COMPUTE STATISTICS 
  STORAGE(INITIAL 65536 NEXT 1048576 MINEXTENTS 1 MAXEXTENTS 2147483645
  PCTINCREASE 0 FREELISTS 1 FREELIST GROUPS 1
  BUFFER_POOL DEFAULT FLASH_CACHE DEFAULT CELL_FLASH_CACHE DEFAULT)
  TABLESPACE "USERS"  ENABLE;
--------------------------------------------------------
--  Constraints for Table WEST_TIPO_TASK
--------------------------------------------------------

  ALTER TABLE "WEST"."WEST_TIPO_TASK" MODIFY ("ID_TIPO_TASK" NOT NULL ENABLE);
  ALTER TABLE "WEST"."WEST_TIPO_TASK" ADD CONSTRAINT "WEST_TIPO_TASK_PK" PRIMARY KEY ("ID_TIPO_TASK")
  USING INDEX PCTFREE 10 INITRANS 2 MAXTRANS 255 COMPUTE STATISTICS 
  STORAGE(INITIAL 65536 NEXT 1048576 MINEXTENTS 1 MAXEXTENTS 2147483645
  PCTINCREASE 0 FREELISTS 1 FREELIST GROUPS 1
  BUFFER_POOL DEFAULT FLASH_CACHE DEFAULT CELL_FLASH_CACHE DEFAULT)
  TABLESPACE "USERS"  ENABLE;
--------------------------------------------------------
--  Constraints for Table WEST_TIPO_UTENTE
--------------------------------------------------------

  ALTER TABLE "WEST"."WEST_TIPO_UTENTE" MODIFY ("ID_TIPO_UTENTE" NOT NULL ENABLE);
  ALTER TABLE "WEST"."WEST_TIPO_UTENTE" ADD CONSTRAINT "WEST_UTENTE_PK" PRIMARY KEY ("ID_TIPO_UTENTE")
  USING INDEX PCTFREE 10 INITRANS 2 MAXTRANS 255 COMPUTE STATISTICS 
  STORAGE(INITIAL 65536 NEXT 1048576 MINEXTENTS 1 MAXEXTENTS 2147483645
  PCTINCREASE 0 FREELISTS 1 FREELIST GROUPS 1
  BUFFER_POOL DEFAULT FLASH_CACHE DEFAULT CELL_FLASH_CACHE DEFAULT)
  TABLESPACE "USERS"  ENABLE;
--------------------------------------------------------
--  Constraints for Table WEST_VERIFICA_CONFL_INT
--------------------------------------------------------

  ALTER TABLE "WEST"."WEST_VERIFICA_CONFL_INT" MODIFY ("ID_VERIFICA_CONFL_INT" NOT NULL ENABLE);
  ALTER TABLE "WEST"."WEST_VERIFICA_CONFL_INT" MODIFY ("DESCR_VERIFICA_CONFL_INT" NOT NULL ENABLE);
  ALTER TABLE "WEST"."WEST_VERIFICA_CONFL_INT" MODIFY ("UTENTE_INSERIMENTO" NOT NULL ENABLE);
  ALTER TABLE "WEST"."WEST_VERIFICA_CONFL_INT" ADD CONSTRAINT "WEST_VERIFICA_CONFL_INT_PK" PRIMARY KEY ("ID_VERIFICA_CONFL_INT")
  USING INDEX PCTFREE 10 INITRANS 2 MAXTRANS 255 COMPUTE STATISTICS 
  STORAGE(INITIAL 65536 NEXT 1048576 MINEXTENTS 1 MAXEXTENTS 2147483645
  PCTINCREASE 0 FREELISTS 1 FREELIST GROUPS 1
  BUFFER_POOL DEFAULT FLASH_CACHE DEFAULT CELL_FLASH_CACHE DEFAULT)
  TABLESPACE "USERS"  ENABLE;
--------------------------------------------------------
--  Ref Constraints for Table WEST_ALLEGATO
--------------------------------------------------------

  ALTER TABLE "WEST"."WEST_ALLEGATO" ADD CONSTRAINT "WEST_ALLEGATI_FK_ESTER" FOREIGN KEY ("ID_ESTERNALIZZAZIONE")
	  REFERENCES "WEST"."WEST_ESTERNALIZZAZIONE" ("ID_ESTERNALIZZAZIONE") ENABLE;
--------------------------------------------------------
--  Ref Constraints for Table WEST_ESTERNALIZZAZIONE
--------------------------------------------------------

  ALTER TABLE "WEST"."WEST_ESTERNALIZZAZIONE" ADD CONSTRAINT "FK_AZIONE_CORRETTIVA" FOREIGN KEY ("ID_AZIONE_CORRETTIVA")
	  REFERENCES "WEST"."WEST_AZIONE_CORRETTIVA" ("ID_AZIONE_CORRETTIVA") ENABLE;
  ALTER TABLE "WEST"."WEST_ESTERNALIZZAZIONE" ADD CONSTRAINT "FK_BENEFICIO_CONSEGUIBILE" FOREIGN KEY ("ID_BENEFICIO_CONSEGUIBILE")
	  REFERENCES "WEST"."WEST_BENEFICIO_CONSEGUIBILE" ("ID_BENEFICIO_CONSEGUIBILE") ENABLE;
  ALTER TABLE "WEST"."WEST_ESTERNALIZZAZIONE" ADD CONSTRAINT "FK_PERIODICITA" FOREIGN KEY ("ID_PERIODICITA")
	  REFERENCES "WEST"."WEST_PERIODICITA" ("ID_PERIODICITA") ENABLE;
  ALTER TABLE "WEST"."WEST_ESTERNALIZZAZIONE" ADD CONSTRAINT "FK_PIANO_REINTERNALIZZAZIONE" FOREIGN KEY ("ID_PIANO_REINTERNALIZZAZIONE")
	  REFERENCES "WEST"."WEST_PIANO_REINTERNALIZZAZIONE" ("ID_PIANO_REINTERNALIZZAZIONE") ENABLE;
  ALTER TABLE "WEST"."WEST_ESTERNALIZZAZIONE" ADD CONSTRAINT "FK_RISCHIOSITA_EST" FOREIGN KEY ("ID_RISCHIOSITA_EST")
	  REFERENCES "WEST"."WEST_RISCHIOSITA_EST" ("ID_RISCHIOSITA_EST") ENABLE;
  ALTER TABLE "WEST"."WEST_ESTERNALIZZAZIONE" ADD CONSTRAINT "FK_RISCHI_BC" FOREIGN KEY ("ID_RISCHI_BC")
	  REFERENCES "WEST"."WEST_RISCHI_BC" ("ID_RISCHI_BC") ENABLE;
  ALTER TABLE "WEST"."WEST_ESTERNALIZZAZIONE" ADD CONSTRAINT "FK_STATO" FOREIGN KEY ("ID_STATO")
	  REFERENCES "WEST"."WEST_STATO" ("ID_STATO") ENABLE;
  ALTER TABLE "WEST"."WEST_ESTERNALIZZAZIONE" ADD CONSTRAINT "FK_TIPO_CONTROLLO" FOREIGN KEY ("ID_TIPO_CONTROLLO")
	  REFERENCES "WEST"."WEST_TIPO_CONTROLLO" ("ID_TIPO_CONTROLLO") ENABLE;
  ALTER TABLE "WEST"."WEST_ESTERNALIZZAZIONE" ADD CONSTRAINT "FK_TIPO_ESTERNALIZZAZIONE" FOREIGN KEY ("ID_TIPO_ESTERNALIZZAZIONE")
	  REFERENCES "WEST"."WEST_TIPO_ESTERNALIZZAZIONE" ("ID_TIPO_ESTERNALIZZAZIONE") ENABLE;
  ALTER TABLE "WEST"."WEST_ESTERNALIZZAZIONE" ADD CONSTRAINT "FK_VERIFICA_CONFLITTI_INT" FOREIGN KEY ("ID_VERIFICA_CONFL_INT")
	  REFERENCES "WEST"."WEST_VERIFICA_CONFL_INT" ("ID_VERIFICA_CONFL_INT") ENABLE;
--------------------------------------------------------
--  Ref Constraints for Table WEST_FASE_ESTERNALIZZAZIONE
--------------------------------------------------------

  ALTER TABLE "WEST"."WEST_FASE_ESTERNALIZZAZIONE" ADD CONSTRAINT "WEST_FE_FK_EST" FOREIGN KEY ("ID_ESTERNALIZZAZIONE")
	  REFERENCES "WEST"."WEST_ESTERNALIZZAZIONE" ("ID_ESTERNALIZZAZIONE") ENABLE;
  ALTER TABLE "WEST"."WEST_FASE_ESTERNALIZZAZIONE" ADD CONSTRAINT "WEST_FE_FK_TIPO_FASE" FOREIGN KEY ("ID_TIPO_FASE")
	  REFERENCES "WEST"."WEST_TIPO_FASE" ("ID_TIPO_FASE") ENABLE;
--------------------------------------------------------
--  Ref Constraints for Table WEST_REMIND
--------------------------------------------------------

  ALTER TABLE "WEST"."WEST_REMIND" ADD CONSTRAINT "WEST_REMIND_FK_EST" FOREIGN KEY ("ID_ESTERNALIZZAZIONE")
	  REFERENCES "WEST"."WEST_ESTERNALIZZAZIONE" ("ID_ESTERNALIZZAZIONE") ENABLE;
  ALTER TABLE "WEST"."WEST_REMIND" ADD CONSTRAINT "WEST_REMIND_FK_TU" FOREIGN KEY ("ID_TIPO_UTENTE")
	  REFERENCES "WEST"."WEST_TIPO_UTENTE" ("ID_TIPO_UTENTE") ENABLE;
--------------------------------------------------------
--  Ref Constraints for Table WEST_TASK
--------------------------------------------------------

  ALTER TABLE "WEST"."WEST_TASK" ADD CONSTRAINT "WEST_TASK_FK_ESTERNALIZZAZIONE" FOREIGN KEY ("ID_ESTERNALIZZAZIONE")
	  REFERENCES "WEST"."WEST_ESTERNALIZZAZIONE" ("ID_ESTERNALIZZAZIONE") ENABLE;
  ALTER TABLE "WEST"."WEST_TASK" ADD CONSTRAINT "WEST_TASK_FK_TU" FOREIGN KEY ("ID_TIPO_UTENTE")
	  REFERENCES "WEST"."WEST_TIPO_UTENTE" ("ID_TIPO_UTENTE") ENABLE;
--------------------------------------------------------
--  Ref Constraints for Table WEST_TIPO_TASK
--------------------------------------------------------

  ALTER TABLE "WEST"."WEST_TIPO_TASK" ADD CONSTRAINT "WEST_TIPO_TASK_FK_TU" FOREIGN KEY ("ID_TIPO_UTENTE")
	  REFERENCES "WEST"."WEST_TIPO_UTENTE" ("ID_TIPO_UTENTE") ENABLE;
